kindNum,neuterYn,sexCd,weight,noticeDays,age2,processState
128,N,F,7.46,10,12,0
114,N,M,7,14,1,1
114,U,M,4.5,11,2,0
67,N,M,10,8,1,0
114,N,M,6,8,4,0
35,N,M,25,11,3,0
108,U,F,10,11,4,1
100,U,F,4.3,20,1,1
128,U,F,4,20,1,1
114,N,M,3.8,11,1,0
114,N,M,3.5,11,1,0
114,N,M,3.3,11,1,0
114,U,F,20,11,2,1
89,U,F,6.8,12,2,1
128,N,M,5.3,12,6,1
114,N,F,6.3,10,1,1
114,N,F,7.7,10,1,0
114,U,F,4,10,5,0
114,U,M,13,10,2,0
114,N,M,1,10,1,0
114,N,F,1,10,1,0
114,N,F,1,10,1,0
114,U,F,11,10,3,0
114,N,M,4.3,10,1,0
114,N,F,4.4,10,1,0
114,N,M,3.8,10,1,1
114,N,M,1.6,10,1,1
114,N,F,1.5,10,1,0
114,N,M,20,10,3,0
114,N,F,13,10,1,0
84,U,F,26,10,2,1
114,N,F,1.5,10,1,0
114,N,M,1,10,1,1
69,U,M,28,10,4,0
114,N,M,3,10,1,0
114,N,F,3.3,10,1,0
114,N,M,2.8,10,1,0
114,N,F,1.2,10,1,0
114,N,F,2,10,1,0
114,N,M,2,10,1,0
114,U,M,16,10,2,0
114,U,M,11,10,1,0
114,N,F,3,7,1,1
114,N,M,3,7,1,0
114,N,M,3,7,1,1
114,N,M,3,7,1,1
114,N,M,3,7,1,0
114,N,M,3,7,1,0
114,N,F,1,7,1,1
114,N,F,1,7,1,1
114,N,F,3,7,1,1
114,N,F,8,7,2,1
114,N,M,8,7,2,0
114,N,M,8,7,2,0
41,N,F,1,10,1,1
114,U,M,1.5,10,1,0
114,U,F,1.5,10,1,0
114,U,F,1.5,10,1,0
114,U,F,11,10,4,1
69,U,M,28,10,6,0
67,N,M,19.8,10,3,1
38,U,F,5,10,6,1
114,U,M,5,10,1,1
114,N,M,5,10,11,0
114,N,M,3,8,1,0
114,N,M,10,8,4,0
114,N,M,7.4,10,3,0
114,N,F,5,10,3,1
114,N,M,20,10,3,0
123,U,M,7,10,6,0
128,U,F,3,10,2,1
114,U,F,7.5,10,1,0
114,U,F,6,10,7,0
67,N,M,14,10,7,0
67,U,F,15,10,7,0
114,N,F,1.2,10,1,1
114,N,M,24,10,4,0
89,N,F,4,10,5,1
114,N,F,2.8,10,1,1
114,N,F,2.6,10,1,1
125,U,F,3,10,1,1
128,N,M,3.7,10,2,1
105,Y,M,18,10,3,1
114,N,M,8,10,2,0
101,N,M,6.5,10,9,0
114,N,M,1.8,10,1,1
114,N,M,3.4,10,1,0
114,N,M,3.7,10,1,0
114,N,M,3.6,10,1,0
89,N,M,0.9,10,1,1
114,N,M,5.6,9,1,1
128,N,M,4,10,8,0
114,N,F,4,10,4,0
114,N,M,8,10,4,0
114,N,M,1.9,10,1,1
107,N,M,2.8,10,1,1
114,N,F,15,10,3,0
114,N,F,8,10,3,0
142,N,M,10,10,3,1
114,U,F,7,10,1,0
114,N,F,25,10,2,1
114,N,F,10,10,2,0
114,N,F,10,10,1,0
114,N,M,7,10,2,0
67,N,F,20,10,4,1
114,N,M,2,10,1,1
114,N,M,5,10,3,1
114,N,M,20,10,4,1
114,N,F,3,10,1,0
128,U,F,4,10,2,1
128,U,F,5,10,2,1
114,U,F,8,10,2,1
114,U,F,4,10,2,0
114,U,M,5,10,1,0
114,U,F,6,10,2,0
114,U,F,3,10,2,0
72,N,M,3.7,9,6,1
67,N,M,17,9,2,1
1,U,F,20,9,3,1
114,N,M,1,10,1,0
114,N,M,13,7,2,0
114,N,M,2,10,1,0
114,N,M,2,10,1,1
128,N,F,2,10,4,1
114,N,M,6,10,2,0
128,N,M,3,10,7,1
114,U,F,5,10,2,0
114,N,F,5,11,5,1
114,U,F,1,10,2,1
114,N,F,2.91,9,1,0
114,N,F,2.9,9,1,0
114,N,F,2.89,9,1,0
114,N,F,2.88,9,1,0
114,N,M,2.87,9,1,0
114,N,M,2.86,9,1,0
80,N,M,2.85,9,1,0
114,N,M,5.92,9,3,0
72,N,M,3.56,9,4,1
114,N,M,6.66,9,4,0
67,N,F,15.57,9,2,0
114,U,F,1,10,1,1
114,U,M,1,10,1,1
114,U,F,4,10,5,0
108,Y,M,10,10,4,1
114,N,F,2.7,10,1,1
114,N,F,4,10,1,1
114,N,F,4,10,1,1
128,N,M,4.5,10,2,1
108,N,F,10,10,11,0
90,N,F,3,10,1,1
67,N,M,25,14,2,0
114,N,F,1.2,10,1,0
114,N,M,2,10,1,0
114,N,M,3,10,1,0
114,N,M,2,10,1,0
114,N,M,1.2,10,1,0
114,U,M,2,10,1,0
114,N,M,0.5,10,1,1
72,N,M,4.5,10,2,1
114,N,M,5,10,1,1
114,U,F,2,10,1,1
128,N,M,4,10,7,1
18,N,M,5.5,10,4,1
38,Y,M,6.5,10,4,1
114,N,M,1.74,10,1,0
114,N,F,1.68,10,1,0
114,N,F,5.57,10,1,0
72,N,F,4,10,13,0
72,N,F,2.5,10,8,0
72,U,F,2,10,7,1
114,N,M,0.5,10,1,1
72,N,F,4,10,13,0
72,N,F,4,10,14,0
72,N,F,4,10,13,0
128,Y,M,6,10,7,1
128,U,F,3,10,11,0
128,N,F,3.5,10,11,1
89,N,M,4,10,13,0
114,N,M,4.5,10,1,1
114,N,M,4.45,10,2,1
18,Y,M,5,10,8,1
128,N,F,4,11,3,0
128,N,F,6,11,5,0
114,U,M,10,10,4,0
69,N,M,40,14,2,1
114,N,M,1.5,12,0,1
114,N,M,7,10,1,0
114,N,F,5.2,7,2,1
122,N,M,25,10,1,1
54,N,M,30,10,5,1
114,U,M,3,7,3,0
114,U,M,3,7,3,0
114,U,F,3,7,3,0
114,U,M,3,7,3,0
50,N,F,5.2,10,3,1
50,U,F,12,10,4,1
114,N,M,4.8,10,1,0
67,N,F,7.6,10,1,0
54,N,M,18.4,10,3,1
67,N,F,6.9,10,1,0
67,N,F,15.3,10,4,0
38,U,F,6,10,4,1
124,N,M,5,10,5,0
124,U,F,9,10,8,0
114,N,M,2.5,10,5,1
34,N,M,15.5,10,4,0
128,U,F,3.3,10,11,0
114,N,Q,13,10,1,0
114,U,Q,12,10,3,0
114,N,M,10,10,2,1
114,N,M,2,10,1,0
126,N,M,18,9,3,1
114,N,M,7.27,9,1,0
114,N,M,18.75,9,3,0
114,N,M,11.36,9,3,0
124,Y,M,8.1,10,10,1
114,N,F,5,10,1,1
89,Y,M,5.3,10,4,1
114,N,M,4.2,10,4,1
114,N,F,12.48,10,3,0
114,N,F,8,7,2,0
114,N,M,8,10,6,0
72,N,M,2.5,10,7,1
114,N,M,15,7,2,0
108,U,F,12,10,3,1
114,U,F,4.2,10,4,1
114,U,F,3,10,1,0
26,N,F,14,10,4,1
69,U,M,24,10,3,1
114,N,F,10.2,7,5,0
114,N,F,2.3,7,1,1
54,N,M,29,10,4,1
38,N,M,7,10,3,1
67,N,F,16,10,4,1
89,N,M,3,10,2,1
114,U,F,9.5,10,1,1
114,N,M,17,10,3,0
114,N,M,22,10,4,0
114,N,F,3,10,1,1
114,Y,M,12,7,1,0
13,U,F,5,10,1,1
114,N,M,13,10,2,1
18,N,M,5.8,10,4,1
101,N,F,4,10,8,1
114,N,F,2,10,1,1
114,N,F,18,10,2,0
114,N,F,6,10,3,0
67,N,F,18,10,2,1
128,N,F,2.6,10,1,1
114,N,M,3,9,1,1
114,N,F,8,9,1,1
101,Y,M,5,10,7,1
121,U,M,35,10,4,1
72,U,F,3,10,11,1
114,N,F,11.63,9,3,0
114,N,M,6.35,9,3,0
114,N,M,3.28,9,1,0
114,N,M,3.27,9,1,0
114,N,F,3.26,9,1,0
114,N,F,3.25,9,1,0
67,U,M,10,10,6,0
67,N,F,7.6,10,2,1
114,U,M,3.7,10,1,1
113,Y,M,3,10,7,1
114,N,M,2,10,1,1
128,Y,M,11.26,10,5,1
114,N,M,0.5,10,0,1
114,U,F,1.4,12,0,0
114,U,Q,0.4,12,0,0
114,U,F,18,12,1,0
69,U,F,4.4,12,0,1
114,N,F,13,9,2,1
114,N,M,5.18,12,0,1
114,U,F,21,12,1,0
114,Y,M,28,12,2,0
114,N,M,9.4,12,2,0
114,U,F,6.9,12,1,0
114,U,F,5.8,12,1,0
114,N,M,7,12,1,0
114,U,F,7.1,12,2,0
114,U,M,3,12,0,0
114,N,M,17.6,7,0,1
114,N,M,2.5,7,0,1
114,N,F,20,12,3,0
124,N,M,6,12,2,0
114,Y,M,4,12,1,1
128,U,F,3.8,12,0,1
87,N,M,4.7,12,2,1
114,N,M,3.3,12,0,0
50,N,M,12,12,0,1
114,U,F,14,12,1,0
72,N,M,4.1,12,6,0
50,N,M,7.6,12,0,0
114,N,F,5,14,1,0
114,N,M,2,14,0,0
114,N,F,2,14,0,0
114,N,F,4,14,1,0
114,N,F,5,14,1,0
114,N,F,5,14,1,0
38,N,F,4,14,1,0
114,U,F,5,10,2,0
114,U,M,23,10,5,1
114,N,F,21,10,1,1
108,N,M,10.25,10,2,1
114,N,F,5.5,10,0,0
114,U,M,6,10,3,0
114,N,F,3,7,1,1
114,U,Q,4,10,0,0
114,N,F,14,10,1,0
114,U,F,10,10,2,0
114,U,F,14,10,2,0
114,U,M,4,10,0,0
124,N,F,4,10,0,1
114,U,Q,2,10,0,0
114,U,M,2,10,0,0
114,U,M,2,10,0,0
114,U,M,2,10,0,0
114,U,F,2,10,0,0
114,U,M,2,10,0,0
114,U,M,15,10,15,0
114,U,M,5,10,0,0
114,N,F,5,10,0,0
114,N,F,4,10,0,0
114,N,F,3,10,0,0
114,N,M,3,10,0,0
114,N,M,3,10,0,1
114,N,F,5.7,10,0,0
114,N,F,8,10,2,0
114,N,M,6,10,2,1
114,N,F,4,10,2,1
114,N,F,3,10,0,1
114,U,M,4,10,0,1
114,U,M,4,10,0,1
114,U,M,4,10,0,1
114,U,M,4,10,0,1
114,N,M,8,10,1,0
114,N,F,15,10,3,0
101,U,M,4,9,0,1
114,U,F,3.5,10,0,0
114,N,M,8,7,0,0
114,N,M,6.5,7,5,0
114,N,F,20,10,2,1
114,N,F,15,10,3,0
38,N,M,6,10,2,1
38,U,F,6,10,3,1
67,N,M,17,10,2,0
69,N,F,15,10,2,1
114,N,F,5,10,1,0
114,N,M,12,10,5,0
114,N,F,3,10,0,0
114,N,F,3,10,0,0
114,N,F,3,10,0,0
114,N,M,4,10,0,0
114,U,F,5.3,7,1,0
114,U,F,4.9,7,1,0
114,N,M,0.8,7,0,1
114,N,M,0.75,7,0,1
114,N,M,0.83,7,0,1
114,U,F,3,7,0,1
114,U,F,5,7,8,0
114,U,M,10,7,5,0
114,U,F,7,7,8,0
114,U,M,8,10,3,1
114,U,M,4,10,2,0
114,U,M,3,10,2,0
72,N,F,3.7,10,12,1
67,N,M,25,10,4,1
18,N,M,6.5,10,3,1
114,N,F,1.5,10,0,1
114,N,F,19.5,10,1,1
113,N,M,2.5,10,3,1
129,Y,M,6.8,10,1,1
72,N,M,4,13,5,1
114,N,M,20,10,1,1
114,U,F,10.2,10,2,0
114,N,M,12,10,2,0
114,N,F,12,10,1,0
114,N,F,2.7,10,0,1
114,N,M,1.8,10,0,0
114,U,M,3,10,0,0
114,U,F,4,10,1,0
72,U,F,2.4,10,5,1
114,U,M,2.2,10,0,1
114,N,F,1.8,10,0,1
114,N,M,4.86,10,0,0
128,Y,M,4.8,10,1,1
114,N,M,13.24,11,2,0
72,N,F,4.42,12,4,1
114,N,F,5.59,12,3,0
72,N,F,3.29,12,2,0
114,U,F,12,9,1,0
114,U,F,11,9,1,0
128,Y,M,3.7,10,7,0
114,N,F,3,10,0,1
128,N,F,3.4,10,0,0
3,N,M,25,10,0,0
114,N,M,15,11,2,0
114,N,F,20,14,2,1
54,N,F,20,14,2,1
54,N,M,23,14,3,1
67,N,M,20,14,3,0
114,U,F,1,11,0,1
114,U,F,12,11,1,0
125,U,F,6,11,13,1
114,N,F,9,12,2,0
67,U,M,20,12,3,0
114,U,F,4,12,1,1
114,U,M,2,12,1,1
114,U,M,2,12,1,1
114,U,M,10,12,2,0
114,U,F,5,12,1,0
114,U,M,5,12,1,0
114,U,M,5,12,1,0
114,N,F,2,12,0,1
114,N,M,20,7,1,0
114,N,M,3,7,0,0
114,N,F,3,7,0,1
114,Y,F,6,12,7,1
67,U,F,9,8,0,0
67,U,F,10,8,0,1
69,N,M,28,8,7,0
38,Y,M,9,9,3,1
114,U,F,4.3,12,3,0
101,N,M,7.6,12,2,0
114,U,M,17,10,8,0
114,U,M,21,10,1,1
114,U,M,18.8,10,1,0
114,U,F,18,10,1,0
114,U,M,13,10,0,0
54,U,F,22,10,0,0
114,N,F,1,10,0,0
114,N,M,1,10,0,0
114,N,M,1,10,0,0
114,N,F,1,10,0,0
114,N,F,1,10,0,0
114,N,F,1,10,0,0
114,U,F,16,10,2,0
114,N,F,4.2,10,0,0
114,N,F,4.2,10,0,0
114,U,M,7,10,0,0
114,N,M,2.9,10,0,0
114,U,M,12.9,10,1,0
114,N,F,4,10,0,1
114,N,F,2.4,10,0,1
114,N,F,7.4,10,0,0
114,U,F,9.9,10,1,1
114,N,F,1.2,10,0,0
114,N,F,2.9,10,0,0
114,N,F,7.3,10,0,0
114,U,M,8.5,10,0,0
114,U,F,12.5,10,0,0
114,N,F,3.6,10,0,0
114,N,M,4.8,10,0,0
114,N,M,3.4,10,0,0
114,N,M,4.9,10,0,0
114,N,M,2.9,10,0,0
114,U,M,15,10,3,0
114,N,M,7,13,8,0
114,N,M,7,13,8,0
128,U,F,3,10,0,1
114,U,M,3,10,0,1
125,U,F,5,10,1,1
128,Y,M,4,10,1,1
114,U,F,6,10,0,0
114,U,F,5,10,1,0
114,U,F,1,10,0,1
114,U,F,1,10,0,1
114,U,M,4,10,3,1
85,N,M,4,10,0,0
96,N,M,22,10,5,0
27,U,F,6,10,1,1
114,U,M,16,10,2,1
114,N,F,6,10,8,0
114,N,M,3,10,1,1
114,N,M,2,10,0,1
114,N,M,6,9,2,1
114,N,F,16,10,3,0
114,N,M,18,10,8,0
114,N,F,8,10,2,1
114,U,F,6,10,4,0
114,N,M,5.3,10,1,0
114,U,M,1.8,10,0,0
114,U,F,3.4,10,0,0
114,U,F,3.8,10,0,0
114,U,F,3.7,10,0,0
114,N,M,7.6,10,2,0
114,Y,M,4.5,10,1,0
77,N,M,4.4,7,5,0
114,N,M,3.5,7,1,1
113,U,F,4,10,3,1
114,U,M,1.2,10,0,1
114,U,F,1.2,10,0,0
128,U,M,5,10,5,1
114,N,M,0.2,10,0,1
114,N,F,0.2,10,0,1
114,N,F,0.2,10,0,1
114,N,F,0.2,10,0,1
114,N,F,0.2,10,0,1
114,N,M,0.2,10,0,1
114,N,F,0.2,10,0,1
114,N,F,0.2,10,0,1
114,N,M,0.2,10,0,1
114,U,F,15.5,10,3,0
72,N,F,5,10,4,1
72,N,M,3,10,4,1
89,U,F,3,10,10,0
128,U,M,4,10,1,1
72,N,M,3,10,5,0
114,U,M,1.5,10,0,1
114,U,M,3,10,0,1
128,U,F,1.6,10,2,1
27,U,F,15,10,2,1
114,N,M,5,10,1,1
114,U,F,3.5,10,8,0
114,N,M,1.5,10,0,1
114,U,F,18,10,6,0
114,U,M,1,10,0,1
114,U,M,2,10,0,1
87,U,M,5,10,0,1
114,N,F,3,10,0,1
100,N,M,13,10,2,1
128,Y,M,7.5,10,3,0
124,U,F,6.5,10,1,1
114,N,M,25,10,1,1
114,U,F,2,10,3,0
128,Y,M,4.4,10,0,1
114,N,M,3.7,10,0,1
114,U,M,1.7,10,1,1
114,U,M,23,10,3,1
114,N,F,25,10,0,0
114,N,F,8.5,10,1,0
108,N,M,3,7,0,1
108,N,F,2,7,0,1
108,N,F,7,7,2,1
114,N,F,25,7,3,0
114,U,F,8,10,2,0
114,U,F,9,10,0,1
114,U,M,20,10,2,1
114,N,M,7,7,0,0
114,N,F,6,10,1,1
114,N,F,12,10,0,1
72,N,M,3,10,1,1
90,N,F,5,10,3,1
114,U,M,6,10,0,1
114,U,M,12,10,0,1
114,N,F,6,10,4,0
114,N,M,3,10,0,1
114,N,F,3,10,0,1
114,N,M,13,10,0,0
114,U,M,8,10,5,0
114,U,F,5,10,7,0
114,U,M,1,10,0,0
114,U,F,2,10,0,0
114,U,F,2,10,0,0
114,U,F,2,10,0,0
114,N,M,9.7,10,3,0
114,N,F,8.1,10,3,1
114,N,M,4,10,3,1
114,N,M,2,14,0,0
114,N,M,2,14,0,0
114,N,M,2,14,0,0
114,N,F,2,14,0,0
114,N,M,2,14,0,0
114,N,F,3,10,0,1
114,N,F,1,10,0,1
114,N,F,1,10,0,1
101,U,M,6,10,1,0
114,N,F,1,10,0,1
114,N,M,1,10,0,1
114,N,M,1,10,0,1
114,N,F,5.8,10,3,1
114,N,F,4.5,10,2,1
114,N,F,1,10,0,1
114,N,F,1,10,0,1
205,N,F,7.3,10,3,1
114,N,F,0.9,9,0,1
67,N,M,2.8,9,0,1
67,N,M,2.8,9,0,1
67,N,M,2.7,9,0,1
67,N,M,3.5,9,0,1
72,U,F,0.5,9,0,0
114,U,M,15,7,2,0
114,U,F,3.1,10,0,0
72,U,F,1.8,10,0,1
72,U,F,2.9,10,8,1
128,N,M,3,10,0,0
67,N,F,15,10,5,0
114,U,F,6.4,10,3,0
114,U,F,13,10,3,1
114,U,M,2,10,1,0
22,N,M,3,10,1,1
114,N,F,3,10,1,1
114,N,M,3,10,1,1
114,N,M,5,10,5,1
69,U,F,15,10,2,0
114,U,F,1,10,0,1
114,U,F,1,10,0,1
114,U,M,1,10,0,1
114,U,M,1,10,0,1
114,N,F,13,10,3,0
114,N,M,8.75,9,1,0
114,N,F,1.33,10,0,1
114,N,M,1.5,10,0,1
114,N,M,1.7,10,0,1
114,N,M,1.7,10,0,1
114,N,M,1.6,10,0,1
114,N,F,0.8,10,0,1
114,N,M,0.78,10,0,1
114,N,F,0.56,10,0,1
114,N,M,0.56,10,0,1
114,N,M,0.6,10,0,1
72,Y,M,4.5,10,5,1
128,U,F,4.6,10,8,1
114,N,M,2.5,10,0,1
72,N,M,3,10,1,1
114,U,F,12,14,2,0
114,N,F,4.2,10,3,0
114,N,M,5.2,10,0,0
114,N,F,18,10,1,0
114,N,F,20,10,1,0
114,N,F,18,10,1,0
114,N,F,15,10,0,0
99,U,F,12,10,3,1
114,N,F,2.1,10,0,0
114,N,F,3.1,10,0,0
114,N,F,1.2,10,0,1
114,U,F,9,10,1,1
124,Y,M,9.2,10,3,1
124,N,M,8,10,2,1
22,U,F,6,10,2,1
72,U,F,4,10,2,1
72,U,F,4,10,3,1
72,Y,M,6.3,10,3,1
114,U,F,20,10,8,0
114,N,M,2.5,10,0,1
128,U,F,5,10,10,1
114,N,F,1.66,10,0,0
114,N,M,1.74,10,0,1
114,N,F,1.84,10,0,1
114,N,F,1.63,10,0,1
128,N,M,3.8,10,1,1
114,U,F,2,10,1,1
114,U,M,3,10,1,1
114,U,M,3,10,2,1
114,U,M,2,10,3,1
114,U,F,2,10,3,1
72,Y,M,6,10,3,1
114,N,F,3,12,2,0
114,U,F,11,9,0,0
114,U,F,12,9,1,0
114,U,F,13,9,1,0
114,N,M,20,11,3,0
114,U,M,5,12,1,0
114,N,M,10,7,1,0
128,U,F,4,8,5,0
114,U,M,15,13,5,1
114,U,M,12,14,0,0
128,U,F,3.4,10,2,1
72,Y,M,4.1,10,3,1
114,N,M,16,10,2,0
114,U,F,3,10,0,0
114,N,M,5,10,0,1
114,N,M,6,10,0,1
114,N,M,4,15,1,0
114,N,F,8,10,5,0
114,N,F,7,10,4,0
114,U,M,13,10,2,0
114,U,F,8,10,2,0
114,U,F,3,10,3,0
114,N,M,1.9,10,0,0
114,N,M,1.6,10,0,0
114,N,M,1.8,10,0,0
114,N,M,11,10,4,0
114,U,F,10,10,1,0
67,U,F,15,10,7,0
114,U,F,12,10,2,0
72,N,M,4.5,10,6,0
72,U,F,3,10,3,1
114,U,F,20,10,4,0
89,N,M,3.5,10,3,0
114,N,F,7,10,0,0
18,Y,M,4.5,10,2,1
113,Y,M,5.6,10,8,0
72,U,F,2.9,10,9,0
114,N,F,12.5,10,0,1
114,N,M,1,9,0,1
114,N,F,1,9,0,1
114,N,F,1,9,0,1
126,N,M,5,10,0,1
114,N,F,8,10,2,0
114,N,M,3,10,0,0
89,N,F,2,10,2,1
60,N,M,4,10,1,1
114,U,F,3.5,8,2,0
114,N,F,3.98,10,5,1
72,N,M,1.8,10,0,1
114,U,F,9,10,3,0
114,U,F,3.5,10,1,1
114,U,F,15,10,5,0
114,U,F,12,10,5,1
114,N,M,3.2,10,0,1
72,U,F,4.8,10,2,1
114,U,F,3,10,2,1
114,U,F,5,10,0,1
114,N,M,4,10,2,1
72,N,M,1.5,10,3,1
114,N,M,6.7,10,2,1
72,Y,M,3.9,10,4,1
101,U,F,7,10,6,1
114,N,F,4.37,12,3,0
114,N,M,24.36,12,5,0
67,N,M,18,10,3,0
114,N,F,5,11,2,0
114,N,F,7,11,3,0
114,N,M,7,11,2,1
114,N,F,7,11,3,1
125,U,F,8,12,2,1
89,N,M,5,12,2,1
114,U,F,7,12,1,0
114,U,M,3,12,1,1
114,U,F,3,12,1,1
114,U,F,3,12,1,1
114,U,F,4,12,2,0
128,U,M,4,10,3,1
114,U,F,5,10,5,1
114,N,M,5.5,7,1,1
114,N,F,2,8,2,1
114,N,F,2,8,0,0
114,N,F,2,8,0,0
114,N,F,2,8,0,0
114,N,M,2,8,0,0
72,Y,M,4,8,3,1
128,N,M,3.1,10,3,0
128,N,M,4.5,10,4,0
114,N,F,4,10,1,1
32,N,M,3.8,10,1,1
114,U,F,5,10,0,1
114,N,F,15,10,2,1
114,N,F,1.5,10,0,1
114,N,Q,6,9,5,0
114,N,Q,6,9,6,0
89,N,M,4.1,10,3,1
114,U,F,8,10,3,0
114,U,F,2.5,10,0,0
114,U,F,2.9,10,0,0
89,N,F,3.3,10,7,1
100,N,M,8.6,10,4,0
114,N,M,3.7,10,0,1
114,N,Q,3.7,10,0,0
114,U,F,15,10,5,0
89,U,M,3,10,7,1
114,N,M,20,10,6,0
113,N,M,2.5,10,0,1
114,Y,M,7,10,3,0
114,N,M,13.75,10,10,0
114,N,M,20,10,7,0
101,U,F,4.9,10,1,1
38,N,M,7,10,2,0
89,Y,M,2.8,10,6,1
32,Y,M,3.14,10,1,1
114,U,M,4,8,0,1
114,U,M,4,8,0,1
114,N,M,10,10,1,0
113,N,M,4,9,3,1
114,N,M,3,9,0,1
114,N,F,3,9,0,1
114,N,M,30,10,2,1
128,N,F,4.1,10,2,1
3,N,M,3.3,10,0,1
3,N,M,3.2,10,0,1
38,N,F,5,10,5,0
114,N,F,4.5,10,2,0
114,N,M,5.2,10,0,0
114,U,M,1,10,0,0
114,U,F,1,10,0,0
114,U,F,5,10,10,0
50,N,M,10,10,5,0
114,N,M,4.8,9,4,1
114,N,F,3,9,0,0
156,N,M,22,10,5,1
114,N,M,2.9,10,0,1
114,N,F,2.7,10,0,1
114,N,M,2,10,0,1
114,U,F,5,9,10,1
114,U,M,6,9,10,1
103,N,F,25,10,3,1
114,N,F,27,10,2,0
114,N,M,2.5,10,0,1
13,N,F,3.4,10,0,1
13,N,F,3.5,10,0,1
114,N,M,17,10,1,0
128,Y,M,4.3,10,4,1
72,Y,M,5,10,5,1
114,U,F,3.5,10,1,0
114,N,M,6,10,0,0
114,N,M,5,10,1,0
67,U,F,22,10,3,0
13,U,M,9,10,2,0
72,N,M,2.2,10,2,1
128,Y,M,3.5,11,7,1
114,N,F,2,12,1,0
114,U,M,16,12,0,0
114,N,F,5,12,2,0
114,N,M,7,12,1,0
114,N,F,1,12,1,0
114,U,F,12,12,3,1
128,U,F,4,10,10,1
128,N,M,4.2,14,3,0
114,N,F,1.3,14,0,0
114,N,F,1.2,14,0,0
114,N,F,1.1,14,0,0
72,N,M,3,10,8,0
114,N,F,2.7,10,0,0
114,N,F,4,10,0,0
114,U,F,11.4,10,8,0
114,U,F,14,10,0,0
114,U,M,3.4,10,0,0
114,U,M,2.4,10,0,0
89,N,M,2.6,10,1,1
114,N,F,2.8,10,9,0
114,N,F,2.3,10,0,1
114,N,F,2.5,10,0,1
114,N,F,4,10,2,1
114,N,F,6,10,0,0
114,N,M,6,10,1,0
124,N,F,8,10,5,0
114,Y,M,17,10,1,1
114,U,M,17,10,2,1
114,U,F,17,10,2,1
114,N,M,5,10,4,1
128,N,M,3.5,10,3,1
67,N,M,2.1,10,0,0
#N/A,U,F,10,10,4,0
114,U,F,1.5,10,0,0
114,U,F,1.5,10,0,0
114,U,F,1.6,10,0,0
114,N,M,1.9,10,0,0
114,N,M,2.6,10,0,0
114,N,M,2.5,10,0,0
114,N,M,2.9,10,0,0
89,N,M,4.1,10,8,0
114,N,F,7,10,0,0
89,U,Q,6.5,10,3,0
114,U,F,10,10,0,1
114,U,M,1,10,0,0
54,N,F,6,10,0,1
114,N,M,3,10,0,1
114,N,F,6.45,10,2,0
114,N,F,7.83,10,6,0
89,N,F,4.5,10,2,1
77,N,M,3,10,3,0
114,N,M,3,10,0,0
114,N,F,5,10,0,0
114,N,F,5,10,0,0
114,N,M,5,10,0,0
114,N,F,23,10,2,1
103,N,M,22,9,2,0
114,U,M,5,9,0,1
114,U,M,14,9,2,0
114,U,M,8,9,0,0
114,U,M,2.5,9,0,1
114,U,M,2.5,9,0,1
114,U,F,2.5,9,0,1
114,U,M,2.5,9,0,1
114,U,F,18,10,1,0
103,U,F,12.6,10,3,0
114,N,M,3.1,10,0,1
114,N,M,5.7,10,6,0
114,N,M,6.4,10,0,0
114,N,M,4.1,10,0,0
128,U,F,4.5,10,4,1
114,U,F,2.9,10,0,0
128,N,M,4.6,10,1,1
114,U,F,4.3,10,1,0
128,N,M,4.6,10,0,1
114,U,F,8.3,10,2,0
114,N,M,10,14,1,0
114,N,M,0.5,14,0,1
114,Y,M,3,10,2,1
114,N,F,4,10,0,1
114,U,F,6,10,2,1
114,U,M,5,10,1,1
114,U,M,8,10,2,0
114,N,F,4,10,10,0
114,N,F,6,10,3,0
114,N,F,1,7,0,1
114,N,F,1,7,0,1
114,N,F,15,10,3,0
114,N,M,5,10,0,0
114,N,F,4,10,0,0
114,N,F,10,10,4,0
114,N,M,6,10,3,0
114,N,M,5,10,2,1
114,N,F,13,7,6,0
114,U,M,5,7,0,1
114,N,M,8,7,0,0
114,N,M,5,10,1,0
114,N,F,5,10,1,0
114,N,M,5,10,2,0
114,N,M,7,10,1,0
114,N,M,7,10,1,0
114,N,M,7,10,1,0
114,N,M,7,10,1,0
114,N,F,7,10,1,0
114,N,F,8,10,0,0
114,N,F,7,10,5,0
114,N,M,8,10,0,0
89,N,M,8,10,4,0
114,N,M,15,10,5,0
114,N,M,7,10,0,0
114,N,F,7,10,0,0
114,N,M,10,10,1,0
114,N,M,10,10,1,0
114,N,F,15,10,10,0
114,N,F,6,17,1,1
114,U,M,18,10,2,0
114,N,F,6,10,5,1
114,N,F,9,10,1,1
114,N,F,2.5,10,0,1
114,U,M,5,10,0,1
114,U,M,5,7,1,0
114,U,F,1,7,0,0
114,N,F,10,7,2,0
124,N,M,5,10,1,0
114,U,F,10,10,2,1
114,N,F,13,10,2,1
114,N,F,2,10,0,1
128,N,F,3,10,2,1
114,N,F,4,10,1,1
101,U,M,3.2,10,5,0
67,N,M,18.3,10,3,0
72,U,M,2,10,1,1
113,Y,M,8.5,10,5,1
114,U,M,8,10,3,0
114,N,F,5.2,10,4,1
114,N,M,13,10,0,0
114,N,M,12.5,10,3,0
114,N,M,4.2,10,2,1
101,N,F,6,10,9,1
101,N,M,0.7,10,0,1
114,N,M,10.5,10,0,1
72,U,F,4.4,10,5,1
101,N,M,4.1,10,3,1
72,Y,M,3.8,10,5,1
114,N,F,6.2,10,1,1
100,N,F,11.3,10,8,1
113,N,M,5,12,2,1
72,U,F,4,12,2,1
101,N,M,4,12,10,1
101,N,M,5,12,3,1
114,N,M,11,10,1,1
72,U,F,4.9,7,4,1
27,N,M,26,10,3,1
50,U,F,5,10,5,0
114,U,F,13,10,0,0
25,U,M,5,10,0,1
50,U,F,6,10,2,0
114,N,F,4,10,1,1
69,U,F,20,10,2,0
128,N,M,1.5,10,0,0
114,N,M,25,12,6,0
114,N,F,6.94,12,5,0
1,U,Q,10,9,1,0
114,N,F,5.43,10,3,0
114,N,F,3,13,0,0
114,N,F,3,13,0,1
114,U,M,3,13,0,0
114,N,M,3,13,0,0
114,N,M,3,13,0,0
113,U,F,3,10,1,1
114,U,M,15,10,1,1
114,N,F,6,10,0,0
114,N,M,6,10,3,0
114,N,M,8,10,1,0
114,N,M,8,10,0,1
114,N,M,8,10,0,1
114,U,F,7,10,4,0
114,N,F,1.24,10,0,0
114,N,F,12,10,2,0
101,N,M,3.8,10,0,1
54,N,M,20,10,2,0
114,N,F,13,10,2,1
114,U,F,9.2,10,0,0
114,U,F,9.7,10,0,0
114,U,M,11.4,10,0,0
114,N,M,10,10,0,0
54,U,F,61.3,10,1,1
114,N,F,5.4,10,0,0
114,N,F,3.2,10,0,0
114,N,F,3.2,10,0,0
114,N,M,5.1,10,0,1
123,N,F,5.9,10,3,1
114,N,F,0.2,10,0,0
114,U,F,16,10,1,0
114,N,F,3.4,10,0,1
114,U,F,14,10,5,0
114,U,F,16,10,5,0
114,U,F,3,10,0,1
114,U,M,8,7,0,1
114,U,M,0.5,10,0,1
114,N,M,13,10,1,0
114,N,F,5,17,1,0
128,N,M,4,17,1,0
89,N,M,3,17,1,1
72,U,F,3.2,10,4,1
101,U,M,4.5,10,3,1
128,Y,M,3.7,7,1,0
114,N,F,7,10,2,1
32,Y,M,3,10,2,0
114,N,F,1.5,10,0,1
114,N,F,4,10,2,1
114,U,F,5.3,10,0,0
114,N,M,1.6,10,0,0
114,N,M,1.8,10,0,0
114,U,F,1.6,10,0,1
114,U,F,2,10,1,1
114,U,M,2.5,10,0,1
114,U,F,8.2,10,1,0
128,N,F,1.5,10,0,1
114,U,F,3.3,10,0,0
114,U,F,3,10,0,0
128,N,F,3.9,10,1,1
38,N,M,6.1,10,2,1
114,U,F,3,10,3,0
114,U,M,3,10,2,0
89,U,F,4,10,5,1
67,U,F,10,10,3,0
114,U,F,4,10,3,0
72,Y,M,3,10,8,0
113,Y,M,2,10,10,0
114,U,F,12,10,1,1
114,U,M,1.5,10,0,1
72,N,M,2.3,10,1,1
114,N,F,6,10,0,0
114,U,F,15,10,6,0
114,N,M,8,10,1,1
113,N,F,4,10,4,1
114,N,M,1.9,10,0,0
128,U,F,4.8,10,4,0
72,N,M,2.7,10,1,1
124,N,M,6.6,10,1,0
114,N,M,16,10,3,0
114,U,M,7.2,10,2,1
114,U,F,1,10,1,0
114,U,F,3,11,0,0
114,U,M,3,11,0,0
114,N,M,3,11,0,0
114,U,M,23,11,2,1
114,N,F,3.2,11,0,1
114,N,M,2.1,11,0,1
114,N,F,2,11,0,1
114,N,M,14.5,11,4,0
32,N,F,2.2,11,6,1
114,N,F,10,7,1,0
114,N,M,20,7,2,1
114,U,M,18,11,1,1
114,U,F,14,11,2,0
114,U,F,5,11,10,0
113,N,F,3,11,4,0
113,N,M,2.5,11,4,0
113,N,M,3,11,7,0
114,N,M,8,11,3,0
146,N,M,30,12,2,0
114,N,M,6,11,2,0
114,U,F,3,11,0,0
114,U,M,3,11,0,0
114,U,M,3,11,0,0
114,U,F,8,11,2,0
32,N,F,5,11,3,1
72,Y,F,3,11,3,1
67,N,F,16,11,3,1
114,N,F,1.8,11,0,1
114,N,F,13,11,4,1
114,N,F,10,11,4,1
114,N,F,15,11,1,0
114,U,Q,6,11,2,1
114,U,Q,15,11,3,0
114,N,M,10,11,3,0
128,N,M,3,11,1,1
72,N,M,3,11,0,1
114,U,F,12,11,1,1
89,N,M,3,11,1,1
50,N,F,3,11,0,1
114,U,M,4.7,11,1,0
114,U,F,4,10,2,1
114,U,M,1.5,10,1,1
114,U,F,4,11,0,0
114,U,F,4,11,0,0
122,U,F,20,11,3,0
114,N,F,4,11,0,0
114,N,F,4,11,0,0
114,N,M,4,11,0,0
69,U,F,18,11,1,1
114,N,F,7,11,0,0
114,U,F,7,11,0,0
114,U,F,7,11,0,0
114,U,M,4,11,0,0
114,N,F,4,11,0,0
114,N,M,18,11,4,0
114,N,F,0.8,11,0,1
113,Y,M,4.5,11,7,1
72,N,F,2.4,11,5,1
114,N,F,5.33,11,0,0
114,N,F,5.35,11,0,0
114,U,M,6.28,11,0,0
113,U,M,5,11,15,0
114,U,M,18,11,3,0
114,N,M,4.5,11,7,1
114,N,M,15,11,3,0
114,N,M,12,12,0,0
114,N,M,1,11,0,1
54,N,F,22,11,5,1
114,N,F,9.2,11,1,1
72,Y,M,4.2,11,3,1
128,Y,M,3.2,11,1,1
84,N,M,25,11,4,1
114,N,F,7.1,11,2,0
114,N,M,2,11,0,0
114,N,F,2,11,0,0
114,N,F,1.8,11,0,0
114,N,M,1.8,11,0,0
114,N,M,1.8,11,0,0
114,N,F,2,11,0,0
114,N,F,2,11,0,0
114,N,M,2.3,11,0,0
114,N,M,2.8,11,0,0
114,N,F,5,11,0,1
114,N,F,2.4,11,0,1
114,N,M,2.4,11,0,1
114,N,F,2.6,11,0,1
72,Y,M,11,11,5,1
128,Y,M,3.29,11,4,1
114,N,M,3,11,0,0
114,U,M,5,11,3,1
114,U,F,4.5,11,0,1
114,U,F,4,11,2,1
114,U,F,15,11,4,0
114,N,F,15,11,1,1
114,N,M,18,11,2,0
32,N,M,3.4,11,0,1
128,Y,M,3.8,11,2,0
114,U,M,5.4,11,2,0
114,N,M,5,10,0,0
114,N,M,5,11,3,0
114,N,M,4,14,0,0
114,N,F,4,14,0,1
114,N,F,3.7,10,6,0
128,N,M,4.6,10,5,1
32,N,M,3.2,10,4,1
1,N,M,20,10,0,0
114,N,F,12,10,1,0
72,N,M,3.8,10,5,0
114,N,M,15,10,1,0
114,U,F,5,10,2,0
114,U,M,20,10,2,0
103,U,M,20,10,2,0
114,N,F,7,10,1,1
114,N,M,3,17,1,0
114,N,M,22,10,4,1
114,N,F,3.5,10,1,1
114,N,F,5,10,0,0
114,U,F,4,10,0,0
114,N,F,15,10,0,0
114,U,M,12,10,7,0
67,U,F,30,10,5,1
114,N,M,1,10,0,1
72,N,M,3,10,5,1
128,Y,M,6.3,10,6,0
32,N,M,4.5,10,1,1
114,N,M,2.7,11,0,0
114,N,M,1.3,11,0,0
114,N,M,2.1,11,0,0
114,U,F,14.2,11,0,0
114,U,F,11,11,0,0
114,N,F,7.5,11,0,0
114,U,F,6.5,11,0,0
114,N,F,4.5,11,0,1
114,U,M,15.5,11,0,0
114,U,F,16.5,11,0,0
114,U,M,17,11,3,1
114,U,M,5,11,0,1
114,U,F,3,11,0,0
114,U,M,22,11,4,1
114,U,M,4,11,7,0
114,N,M,1,10,1,0
114,U,F,1,10,1,0
114,N,F,1,10,1,0
114,U,F,4,10,1,0
114,N,M,3,11,0,0
114,U,M,3,11,0,0
114,N,M,3,11,0,0
114,N,M,3,11,0,0
67,U,M,15,11,3,0
114,U,F,10,11,4,0
114,N,F,12,7,1,0
67,N,F,1,11,0,1
67,N,F,1,11,0,1
67,N,F,1,11,0,1
114,U,F,5,11,0,0
72,U,M,3,11,5,0
101,U,M,8,11,5,1
89,U,M,5,11,1,1
114,U,M,6,11,0,0
114,U,M,5,11,3,1
114,N,F,11,11,1,0
114,N,F,3,11,0,0
114,N,M,1,11,0,0
113,N,F,7,11,3,0
114,N,M,8,11,2,0
100,U,F,12,11,1,1
72,N,M,5,11,4,0
114,U,F,2,7,2,1
114,U,F,8,7,3,1
114,U,M,5,7,3,1
114,N,M,3,11,0,1
114,N,F,7,11,3,1
114,N,M,6,11,3,1
114,N,M,2,11,0,1
114,N,F,2,11,0,1
114,N,F,2,11,0,1
114,N,F,2,11,0,1
128,N,M,5,11,1,1
114,N,F,12,11,4,0
27,N,M,17,11,5,1
67,N,M,21.3,11,5,0
114,N,F,2.9,11,0,1
114,U,F,4.8,11,3,0
114,N,M,12,11,2,0
114,U,F,0.6,11,0,0
114,U,F,3.4,11,10,0
114,U,F,18,11,1,1
114,U,F,7.8,11,2,0
128,Y,M,3.2,11,3,1
114,N,F,1,11,0,1
114,N,M,1,11,0,1
114,N,F,1,11,0,1
114,N,F,1,11,0,1
114,N,F,1,11,0,1
114,N,M,1,11,0,1
114,N,F,1,11,0,1
114,N,F,18,11,1,1
128,Y,M,5.3,11,2,1
128,U,F,5.3,11,2,1
124,U,F,3.8,11,1,1
114,U,M,5,11,2,1
128,U,F,6,11,0,1
89,N,M,5.5,11,3,1
72,Y,M,5,11,3,1
114,U,F,5,11,12,0
114,N,M,3.6,11,0,0
114,N,M,3.7,11,0,1
114,N,M,3.7,11,0,0
89,N,M,3.4,11,2,1
114,N,F,9,12,2,0
114,N,F,4.5,12,0,1
114,N,F,1,12,0,0
114,N,F,5,12,2,0
142,N,F,20,12,0,1
114,U,M,4,12,2,0
114,N,F,15,14,2,0
114,U,F,15,14,2,0
67,N,M,15,14,1,0
114,N,M,2,12,0,0
114,N,M,2,12,0,0
114,N,M,2,12,0,0
114,N,M,2,12,0,0
114,U,F,5,12,3,1
114,N,F,10,12,2,1
114,N,F,11,12,0,0
114,U,Q,4.5,12,0,0
128,N,M,3,12,1,1
114,N,F,4,12,1,1
114,N,M,5,12,7,1
32,N,F,4,12,14,1
114,N,M,5,12,5,1
114,U,F,15,12,3,0
56,U,F,20,12,1,0
114,U,F,2,12,0,0
114,U,M,2,12,0,0
114,N,M,1,12,0,0
114,N,F,1,12,0,0
114,N,F,1,12,0,0
114,N,M,1,12,0,0
67,N,M,16,12,4,1
20,N,M,13,12,1,1
114,N,F,14,12,0,1
114,N,M,4.5,12,2,1
114,N,F,3.5,9,0,1
72,U,M,2,12,9,0
114,U,F,3,7,2,0
114,U,M,0.1,7,0,0
114,U,F,0.1,7,0,1
114,U,M,0.1,7,0,1
114,U,F,0.1,7,0,1
114,U,F,4,7,2,0
114,N,F,1,7,0,1
114,N,F,1,7,0,1
114,N,M,1,7,0,1
114,N,M,1,7,0,1
72,Y,M,4,12,5,1
32,U,F,2.5,10,0,1
114,N,F,28,7,2,1
114,N,M,26,7,2,1
54,N,F,26,7,4,0
128,U,M,5,12,3,0
114,N,F,2,12,0,0
114,N,F,10.2,12,4,0
146,N,M,26.83,9,2,1
114,U,M,20,12,3,0
114,N,M,10,12,2,1
114,N,F,12.7,12,4,0
114,N,M,1.3,12,0,1
114,N,F,17,12,3,0
114,N,F,17,12,3,0
114,N,F,18,12,3,0
114,U,M,8,12,2,1
89,N,M,2.4,12,2,1
114,N,M,7,12,11,0
114,Y,M,4,12,8,1
114,N,M,5.5,12,0,0
114,N,F,5.8,12,4,0
72,Y,M,3.2,12,2,1
113,N,M,2,12,3,1
22,U,F,4,12,1,1
128,U,F,3,12,4,0
34,N,M,7,12,0,0
114,U,F,5,12,3,1
128,U,M,4.5,12,5,1
114,N,M,30,12,2,1
114,U,M,2.8,12,0,1
114,N,F,2,12,0,1
114,U,Q,9.2,12,2,0
101,N,F,3,12,0,1
114,N,F,5.12,10,1,0
114,N,M,5.76,10,1,0
114,N,F,6.58,10,4,0
114,N,F,20,12,2,1
114,N,F,7,14,0,0
114,N,M,3.7,10,0,1
114,N,M,10,10,0,0
114,N,F,1.66,10,0,0
114,N,M,1.2,10,0,0
114,N,F,1.6,10,0,0
114,N,M,1.72,10,0,0
114,N,F,7,10,7,0
114,U,F,3,10,1,1
114,N,M,4.5,10,0,0
114,N,M,5,10,0,0
114,N,F,3,10,0,0
114,U,M,5,10,2,0
67,N,M,1,10,2,0
114,N,M,3,10,0,1
114,N,M,5,10,0,0
114,U,F,5,10,7,0
89,U,F,1.5,10,2,1
114,N,F,2,10,1,0
114,N,M,7,11,1,1
67,N,M,30,11,2,0
114,N,M,1.2,11,0,1
114,N,F,5,7,7,1
114,U,F,3,11,0,0
114,N,M,8,11,0,0
114,N,F,14.3,12,0,0
54,N,M,22.6,12,0,0
124,N,M,4.5,12,0,1
114,N,F,5,12,0,0
114,N,F,3.5,12,0,0
114,N,M,4.7,12,0,0
114,N,M,10.3,12,2,0
150,N,M,23,12,3,1
114,N,F,8.4,12,0,0
114,N,F,3.7,12,0,0
114,N,F,2,12,0,1
114,N,F,1.3,12,0,1
114,N,F,2.4,12,0,1
114,N,M,5,12,1,0
114,N,M,5,12,1,0
114,N,M,8,12,1,0
114,U,M,4.5,12,0,1
114,N,F,7,15,1,0
114,U,F,3.8,12,0,1
114,U,F,12,12,2,0
114,N,F,5,12,1,0
18,N,M,3,12,2,1
101,N,F,3.46,12,10,1
114,N,M,8.1,12,0,0
114,N,M,7.6,12,0,0
114,N,M,2.8,12,0,0
128,U,F,4.3,12,2,1
114,U,F,3.6,12,0,0
114,U,F,3.8,12,0,0
114,U,F,2.2,12,0,0
114,U,M,25,9,2,1
101,Y,M,5,9,3,1
56,U,M,34,9,4,1
114,N,M,1.9,12,0,0
114,N,M,2.2,12,0,0
114,U,F,2.4,12,0,0
114,N,M,1.9,12,0,0
114,N,M,3.7,12,0,0
114,U,F,3,12,0,0
114,U,F,9.4,12,6,0
114,N,F,2.3,12,0,1
114,N,M,2.8,12,0,1
114,N,F,2.5,12,0,1
114,N,F,16.1,12,5,0
114,N,M,17.5,12,3,0
89,U,F,3,12,1,1
114,Y,M,9,12,2,0
67,N,M,24,12,3,1
114,N,M,9.54,12,0,0
123,U,M,6,12,6,0
60,N,M,3.5,12,0,1
114,N,M,3,14,0,0
114,N,F,3,14,1,0
114,N,M,1,14,0,0
114,N,F,1,14,0,0
114,N,M,1,14,0,0
114,N,M,5,14,0,0
114,N,M,5,14,0,0
114,N,F,5,14,0,0
114,N,F,5,14,0,0
50,U,M,5.2,10,6,1
114,N,F,0.19,10,0,0
114,N,F,0.22,10,0,0
114,N,F,0.18,10,0,0
114,N,M,1.3,10,0,1
114,N,F,4,10,0,0
114,N,M,3,10,4,0
114,N,F,1,7,0,1
114,N,M,1,7,0,1
114,U,M,7,10,0,0
114,N,F,6,10,1,0
114,U,F,18,10,1,0
114,U,F,8,10,1,0
114,U,F,10,10,1,0
114,U,M,8,10,2,0
114,U,M,6,7,3,0
114,U,M,9,7,7,0
114,N,F,9,10,0,1
114,N,M,12,10,0,1
114,U,F,8,10,1,1
114,N,F,4,10,1,1
128,Y,F,4,10,12,1
114,N,F,5,10,1,0
32,N,F,2,10,0,1
114,N,M,10,10,1,0
90,N,M,3,10,0,1
7,U,F,30,10,3,0
122,U,F,25,10,3,0
114,N,F,9.6,10,3,0
114,N,M,3.7,10,1,0
114,N,F,3.5,10,1,0
27,N,M,15,10,2,1
89,N,F,5,10,5,1
89,U,M,5,10,5,1
114,U,F,3,10,0,0
114,N,M,1,10,0,1
114,N,M,1,10,0,1
114,N,F,1,10,0,1
114,N,F,2.2,9,0,1
101,N,M,5,9,0,1
114,U,M,0.5,9,0,1
114,U,M,0.5,9,0,1
114,U,F,0.8,9,0,0
114,U,M,9,9,1,0
114,U,M,5,7,2,0
114,U,F,3,7,0,0
114,U,M,3,7,0,0
114,U,M,3,7,0,0
114,U,F,6,7,2,0
72,U,F,3,7,2,1
114,N,M,2,10,0,0
114,U,M,0.6,10,0,0
118,N,M,10,9,0,1
114,N,F,2,9,0,1
114,U,M,2,9,0,1
89,N,F,4,10,3,0
89,N,M,3,10,4,1
114,N,M,5,10,8,1
114,U,M,2.6,10,0,0
39,U,M,3,10,0,1
39,U,F,3,10,0,1
39,U,F,3,10,0,1
39,U,M,3,10,0,1
114,U,F,2,10,0,1
38,U,F,4,10,1,1
114,U,M,10,10,1,0
114,N,Q,0.5,10,0,1
114,N,M,4,10,3,0
72,N,M,4.5,10,4,1
32,N,M,3,10,3,1
114,N,M,17,10,2,0
114,N,F,14,10,0,0
72,N,M,4,10,3,0
114,N,F,18,10,4,0
114,N,M,8,10,0,0
114,U,F,3.5,10,4,1
114,N,F,6.3,10,1,0
114,N,F,3.5,10,0,1
89,N,F,4.3,10,2,1
114,N,M,4.2,10,5,0
114,N,M,10.3,10,1,0
128,N,M,5.2,10,3,1
128,U,F,3,10,8,1
72,N,M,1,10,0,1
89,N,M,1.8,10,2,1
72,U,F,2.5,10,5,1
114,U,M,5,10,3,1
114,U,F,15,10,3,0
113,N,M,4,10,0,1
114,N,M,4.1,10,0,0
114,N,M,3.2,10,0,0
114,U,F,4.7,10,0,0
67,U,Q,15.6,10,2,0
114,N,F,3.3,10,0,1
89,U,F,5,10,2,1
128,U,F,1.5,11,5,1
114,U,M,28,12,4,1
114,N,F,1.7,14,0,0
114,N,M,1.5,14,0,0
114,N,M,25,14,5,0
114,U,F,9,10,3,1
72,Y,M,2.7,10,6,1
114,N,F,13,10,3,0
114,N,F,7,10,2,1
114,U,F,5,10,2,0
114,N,M,5,10,2,0
114,U,M,5.2,11,3,1
114,N,F,20,7,2,0
114,U,M,25,7,2,0
114,U,F,1,7,0,1
114,N,F,1,7,0,0
114,N,M,1,7,0,0
114,N,M,5.6,12,1,0
22,U,M,8,12,5,0
114,U,F,7,12,3,0
72,N,M,2.7,12,1,0
114,U,F,3.9,20,0,0
101,N,M,4.4,20,8,0
114,N,F,14.3,10,1,0
114,N,M,11.5,10,0,0
114,N,M,5.7,10,0,0
114,N,M,5.4,10,0,0
114,N,M,9.1,10,0,0
114,N,F,10,10,1,0
114,N,M,18.2,10,1,0
114,N,M,19.2,10,1,0
89,N,F,1.4,10,0,1
114,N,F,20.9,10,2,1
114,N,M,6.1,10,0,0
114,N,F,4.1,10,0,0
114,N,F,4.1,10,0,0
114,N,M,0.9,10,0,1
114,N,F,0.9,10,0,1
114,N,M,0.9,10,0,1
114,N,F,0.9,10,0,1
114,N,M,0.9,10,0,1
114,N,F,0.9,10,0,1
87,N,M,6.8,10,2,1
114,N,M,20,10,1,0
114,N,F,3.4,10,0,0
114,N,M,10.5,10,0,0
114,N,F,13,10,0,0
114,N,M,3.7,10,0,0
114,N,M,12.4,10,0,0
114,N,M,2.6,9,0,1
32,Y,M,3.5,9,4,1
114,N,F,10,10,2,0
114,U,M,10,10,5,1
128,U,M,4,10,0,1
54,N,M,40,10,5,1
72,U,F,3,10,3,1
114,N,M,5,10,0,1
114,U,M,4,7,0,0
114,N,F,2,7,0,1
114,U,M,17,10,1,1
114,U,F,7,10,3,0
114,U,F,10,10,3,0
128,U,F,2.5,10,0,1
114,N,M,4,10,0,1
114,N,F,2,10,0,1
114,N,F,2,10,0,1
114,N,M,2,10,0,1
114,N,M,20,10,0,1
114,N,F,5,10,0,0
114,N,F,5,10,2,0
114,N,M,30,10,2,1
128,N,M,5,9,4,1
77,U,M,5,10,2,1
114,U,F,2,10,1,1
114,U,F,7.9,10,2,0
114,N,M,1.7,10,0,0
114,U,F,1.3,10,0,0
114,N,M,1.6,10,0,0
114,U,F,1.6,10,0,0
114,N,M,1.8,10,0,0
114,N,M,1.6,10,0,0
114,U,F,8.9,10,3,0
114,U,F,2.4,10,0,0
114,U,F,2.4,10,0,0
114,N,M,1.8,10,0,0
114,N,M,2.8,10,0,0
105,N,M,30,10,4,1
105,U,F,20,10,4,1
114,U,F,3.8,10,0,0
114,N,M,3.5,10,0,0
114,U,F,1.6,10,0,0
114,U,F,1.4,10,0,0
114,U,F,1.3,10,0,0
114,U,F,1.2,10,0,0
114,U,F,20,10,3,0
114,U,M,15,10,3,0
114,N,F,20,10,4,1
114,U,Q,20,10,5,0
114,U,F,20,10,1,0
114,U,F,18,10,1,0
114,U,F,1.1,10,0,1
114,N,M,1.2,10,0,1
114,N,M,1.3,10,0,1
114,U,F,0.9,10,0,1
114,N,M,2.6,10,0,1
114,U,F,2.8,10,0,0
114,N,M,2.5,10,0,0
114,U,F,2.9,10,0,0
114,U,F,2.5,10,0,0
114,N,M,2.4,10,0,0
105,N,F,15,10,5,1
114,N,M,0.7,10,0,0
114,U,F,0.8,10,0,1
114,U,F,0.8,10,0,0
114,U,F,0.8,10,0,0
22,U,F,5,10,7,0
72,U,M,3,10,1,1
101,U,M,5,10,5,1
114,N,M,2.5,10,0,0
128,N,M,3.5,10,1,1
114,N,M,10,10,5,1
128,Y,M,7.3,10,8,1
114,N,M,2,10,0,1
114,U,F,6,10,6,0
128,U,F,4.3,10,3,0
72,U,F,3.5,10,2,0
114,N,M,2.5,10,1,0
72,N,M,2.5,10,1,1
114,U,F,3.6,10,0,0
108,U,F,9.2,10,1,1
100,Y,M,8.5,10,1,0
128,U,F,2.4,10,0,1
114,N,M,2.5,14,0,0
114,N,F,2.5,14,0,0
114,N,F,2.5,14,0,0
114,N,F,2.5,14,0,0
114,N,F,5,14,1,0
114,N,F,5,14,1,0
56,N,M,10,14,2,0
114,N,M,8,14,1,0
114,U,F,5,10,3,0
114,U,M,5,10,2,0
114,U,F,5,10,2,0
114,U,M,5,10,2,0
114,U,F,5,10,2,0
114,U,F,5,10,2,0
114,N,M,1.2,10,0,1
114,N,Q,1.2,10,0,1
114,N,F,2,10,0,1
114,N,M,0.7,10,0,1
114,N,M,0.8,10,0,1
114,N,M,0.9,10,0,1
114,N,F,0.8,10,0,1
114,N,F,0.9,10,0,1
114,N,F,0.8,10,0,1
114,U,F,3,10,1,0
128,N,M,5,7,3,1
114,N,F,1,7,0,1
54,N,M,25,7,2,1
114,N,M,7,7,2,1
101,N,F,2,7,0,1
101,N,F,2,7,0,1
101,N,F,3,7,1,1
101,N,F,3,7,1,1
101,N,M,4,7,1,1
114,U,M,22.5,10,0,0
114,N,M,1,10,0,0
114,N,M,1,10,0,0
114,N,M,1,10,0,0
114,N,F,1,10,0,0
114,N,F,1,10,0,0
114,N,F,1,10,0,0
114,N,F,1,10,0,0
114,N,M,1,10,0,0
114,N,F,1,10,0,0
114,N,F,9,10,4,0
114,U,M,10,10,5,0
114,N,F,12,7,6,1
114,U,F,4,10,0,0
114,U,M,4,10,0,0
114,N,F,8,10,2,0
114,N,F,27,14,2,1
114,N,M,8,14,3,0
114,N,M,27,14,3,0
114,N,M,30,14,3,0
114,N,M,10,14,0,0
114,N,M,13,14,0,0
114,N,M,10,14,0,0
114,N,M,12,14,3,0
114,N,F,1.5,10,0,0
114,N,F,1.5,10,0,0
114,N,M,1.6,10,0,1
114,N,F,1.5,10,0,1
114,N,M,7.5,10,2,0
72,N,M,4.4,10,3,1
114,N,M,7,10,1,0
114,N,M,1,10,0,0
114,N,M,1,10,0,0
114,N,M,1,10,0,0
114,N,F,4,10,3,0
114,U,F,3,10,0,0
114,U,M,4,10,0,1
114,U,F,4,10,0,1
114,U,F,4,10,0,0
114,N,F,1.2,10,0,1
114,N,F,1.2,10,0,1
114,N,M,1.2,10,0,1
114,N,M,1.2,10,0,1
114,N,M,4.5,10,2,1
103,N,F,20,10,2,1
72,N,M,2.5,9,2,1
67,N,M,10,7,0,0
128,N,M,3.7,7,3,0
114,N,F,4,10,0,1
32,Y,M,3,10,6,1
89,Y,M,3,10,8,1
20,U,M,5,10,2,1
114,U,M,5,10,2,0
72,N,M,2.5,10,3,1
114,N,M,1.5,10,0,1
114,N,F,4.5,7,5,0
114,N,Q,3,10,0,1
114,N,M,4,10,3,0
50,N,M,5,10,3,1
103,N,F,16.8,10,4,1
114,N,M,25,10,4,0
114,N,F,5.87,9,0,0
114,U,F,1.5,9,0,1
125,U,F,9,9,5,1
96,U,M,20,9,2,1
114,N,M,1.8,10,0,1
114,N,F,2.4,10,0,1
114,N,F,1.7,10,0,1
114,N,M,2.5,10,0,1
114,N,M,3.5,10,0,1
114,N,F,4.5,10,0,1
114,N,F,3.8,10,0,1
101,Y,M,5.5,10,3,1
114,U,F,6.5,10,3,1
67,U,M,18,10,2,0
114,U,F,21,10,8,0
50,U,F,7.3,10,5,0
114,N,M,5.4,10,0,1
114,N,F,6,10,2,1
114,N,M,2,10,0,1
114,N,F,2,10,0,1
114,N,F,2,10,0,1
114,N,F,3,10,0,1
114,N,F,2.6,14,0,0
114,N,F,8.5,10,6,1
114,N,M,9.5,10,4,0
114,N,M,9,10,0,0
114,N,M,16,10,1,1
114,U,M,15,10,10,0
114,N,F,5.2,10,5,0
32,Y,M,4,10,6,1
114,N,F,9.5,10,3,1
114,N,M,8.2,10,3,0
114,N,M,9.2,10,2,0
128,Y,M,4.3,10,4,1
128,N,M,5.8,10,6,1
114,N,M,3.7,7,0,0
114,N,M,16,7,7,0
114,N,M,0.8,10,0,1
114,N,M,0.8,10,0,1
114,N,F,0.8,10,0,1
128,Y,M,5,10,8,1
114,N,M,17,10,4,0
69,U,F,30,10,6,0
97,N,M,6.5,10,4,1
114,U,F,13,10,2,0
22,N,M,8,10,5,1
114,U,F,13,10,3,0
158,U,F,3.8,10,3,1
72,Y,M,2.4,10,0,1
77,N,M,3.86,10,0,0
114,N,F,6.51,10,2,1
67,N,F,5.9,10,0,1
123,N,F,5.5,10,2,1
124,U,M,5,10,2,1
114,U,M,3,10,0,1
114,N,F,9,12,3,0
114,N,F,5,10,3,0
114,N,M,10,10,1,0
114,N,F,20,10,2,1
89,N,M,2,10,2,1
72,N,M,2,10,13,1
114,U,F,2,10,0,0
114,U,F,1.5,10,0,1
114,U,F,6,7,0,1
114,U,F,10,10,5,0
114,U,M,1.6,10,0,1
72,U,M,3,10,7,0
114,N,F,3,10,2,0
114,U,F,4,10,0,0
114,N,M,5.7,10,0,0
54,Y,M,20,10,2,1
89,U,M,4,10,2,1
54,U,M,25,10,1,1
77,Y,M,3.4,10,1,1
114,U,F,3,10,0,1
114,U,F,1.1,10,0,0
72,U,F,2.1,10,3,1
114,N,M,17.5,10,2,0
114,N,M,13.5,10,2,0
114,N,F,3,10,0,0
114,N,M,2,16,0,0
114,N,F,2,16,0,0
114,N,F,2,16,0,0
114,N,F,7,16,1,0
114,N,F,7,16,0,0
100,N,M,2,10,0,1
114,U,F,5,12,0,0
114,N,M,7.8,10,0,0
124,N,M,5,10,2,1
114,N,F,4.5,10,0,1
114,U,F,4.6,10,0,1
72,N,M,1.9,10,3,1
114,U,F,3.1,10,0,1
114,U,F,3,10,2,1
72,Y,M,2.69,10,10,0
54,N,M,25,12,1,1
89,N,M,4.54,10,2,1
72,N,F,1.7,10,1,1
114,N,M,3.5,10,1,1
114,U,F,3,11,0,0
114,U,F,3,11,0,0
114,U,M,3,11,0,0
87,Y,M,4.3,12,5,1
67,N,F,18,12,4,0
114,N,M,10,10,0,1
114,N,F,0.2,10,0,0
114,N,F,0.2,10,0,0
114,N,M,0.2,10,0,0
114,N,M,0.2,10,0,0
114,N,F,0.2,10,0,0
114,N,F,20,10,3,0
89,N,M,5.15,10,3,1
114,N,F,5,15,1,0
114,N,M,5,15,1,1
114,N,M,5,10,2,0
114,U,M,13.5,10,2,0
114,U,F,6,10,3,1
114,N,M,2,10,0,1
114,N,F,2,10,0,1
114,N,M,2,10,0,1
114,N,M,2,10,0,1
114,N,F,2,10,0,1
114,N,M,2.7,10,0,0
67,U,M,25,10,4,0
114,U,F,5,10,6,0
3,U,M,20,10,4,1
56,U,F,15,10,4,1
125,U,F,5,10,8,0
72,U,M,1,10,0,1
114,N,M,15,9,3,1
89,U,F,3,10,1,1
114,N,F,4,10,0,1
114,N,F,4,10,0,1
114,N,Q,5,9,7,0
114,N,Q,6,9,7,0
114,N,F,2,10,0,1
114,N,M,11,10,2,1
114,U,F,1.7,10,0,0
108,N,M,6.9,10,0,1
114,U,F,2.9,10,1,1
114,N,M,2.2,10,0,1
114,N,M,12.7,10,2,0
114,N,M,8,10,6,1
114,N,M,9.8,10,2,0
114,U,M,6,10,8,0
114,U,F,20,10,3,1
114,N,M,1,8,0,0
114,N,F,1,8,0,0
114,N,M,1,8,0,0
114,N,M,1,8,0,0
114,N,F,1,8,0,0
114,N,F,1,8,0,0
114,N,M,1,8,0,0
114,U,M,17,9,2,0
114,U,M,7,9,1,1
101,U,F,5,9,10,0
113,Y,M,1.48,8,0,1
114,U,F,4,10,4,0
114,N,M,15.5,10,2,0
67,N,M,24,9,5,1
114,U,F,5,10,2,0
114,N,M,5.9,9,2,0
89,N,F,3,9,3,1
114,N,M,8,9,1,0
90,N,M,5,10,1,1
126,N,F,4,10,0,1
100,N,M,10,10,4,1
69,N,M,29,10,5,0
114,N,M,1.7,10,0,1
114,N,F,1.8,10,0,1
114,N,M,19,10,5,0
114,N,M,2,10,0,1
114,N,F,2,10,0,1
114,N,F,2,10,0,1
114,N,F,2,10,0,1
128,N,M,6,12,7,1
114,N,F,2.1,12,0,1
114,N,F,4.1,10,0,0
114,N,F,3.8,10,0,0
114,N,M,10.3,10,3,0
114,N,M,12.4,10,2,0
128,N,M,3.7,9,3,0
114,U,F,4,10,2,1
114,N,M,6.8,10,2,1
114,U,F,2,10,5,1
38,N,M,7,10,3,1
126,N,F,6.5,10,0,1
114,U,M,6,10,3,0
124,N,M,3.8,10,4,1
67,U,F,15,11,7,0
114,U,M,12,7,1,0
114,U,F,8,7,1,0
114,U,F,8,7,1,0
114,U,M,8,7,1,0
114,U,F,15,7,1,0
114,U,F,4.9,12,2,0
114,N,F,3,10,0,1
114,N,F,5,10,2,0
114,U,M,5,10,1,0
114,U,M,4,10,2,1
114,U,M,6,10,1,0
114,U,F,4,10,2,0
114,U,F,4,10,2,0
114,U,F,4,10,2,0
114,U,F,4,10,2,1
114,N,F,4,10,2,1
114,U,F,6,10,2,1
114,U,M,3,10,1,1
89,N,M,2,10,6,1
114,N,F,3.5,10,1,1
114,N,M,6.3,20,0,0
114,U,F,4.1,20,0,0
114,N,M,5.6,10,0,1
114,U,F,10,10,0,0
114,U,M,10,10,3,0
114,N,M,2.1,10,0,0
114,U,F,16,10,2,0
114,N,M,4,10,0,0
114,N,M,4.9,10,0,0
114,U,M,21,10,0,0
114,U,M,15.5,10,0,0
114,N,F,7.7,10,0,0
114,N,F,6.8,10,0,0
114,N,M,5.6,10,0,0
114,U,F,11.5,10,0,0
114,N,M,5.4,10,0,0
114,N,M,6.2,10,0,0
114,N,F,7.5,10,0,1
114,N,M,1.2,10,0,0
114,N,F,1.1,10,0,0
114,N,M,1.1,10,0,0
114,U,F,9,10,2,0
114,N,F,3.5,10,0,0
114,N,F,4.2,10,0,0
114,N,M,4,10,0,0
114,N,F,4,10,0,0
114,U,F,13.3,10,1,0
114,N,M,3,10,0,0
114,N,M,3,10,0,0
114,N,M,3,10,0,0
114,U,F,13,10,2,0
114,U,F,2,10,0,0
114,U,M,2,10,0,1
114,U,M,1.5,10,0,1
114,U,M,1.5,10,0,1
114,N,M,7,10,4,1
114,U,M,6,10,0,0
113,U,F,3.5,10,4,1
128,N,F,3.2,14,1,0
128,N,F,3.5,14,5,0
114,N,F,7.5,14,3,0
114,U,M,3,7,2,0
114,N,F,5,9,3,1
77,N,F,5,10,0,1
67,N,F,15,10,5,0
67,N,F,6,14,0,0
67,N,M,18,14,4,0
114,N,F,17,14,1,0
103,U,M,7,10,2,1
114,U,F,16,10,2,1
27,U,F,14.3,10,5,1
114,U,F,1,10,0,1
72,U,F,1.5,10,6,1
32,U,F,3,10,6,1
114,N,M,27,8,1,0
114,N,M,3,10,2,0
114,U,M,3,9,0,0
114,U,M,3,9,0,1
114,U,F,9,9,2,0
114,U,F,6,9,1,0
120,U,M,32,9,2,0
114,U,F,10,9,3,0
114,U,F,10,9,2,1
113,Y,M,7,9,4,1
114,N,F,6,10,3,0
114,N,F,5.4,10,3,0
72,U,F,3.2,10,0,1
114,U,Q,15,10,2,0
114,N,M,15,10,1,0
114,U,F,6,10,1,0
114,U,M,5,10,0,0
22,N,M,4,10,0,1
114,N,Q,5,9,5,0
114,N,M,9.5,10,0,0
114,N,M,5.7,10,0,0
114,Y,F,12,10,1,1
114,Y,M,12.5,10,1,1
114,Y,F,18,10,1,1
114,N,M,11,10,0,0
114,N,M,11.5,10,0,0
114,N,F,10.7,10,0,0
114,N,M,16,10,1,0
89,U,F,2.8,10,2,1
89,N,M,4.5,9,6,1
114,N,M,9.25,10,3,0
124,U,Q,8.6,10,2,0
72,U,M,4,10,8,1
114,U,F,5,10,5,0
13,Y,M,14.4,10,2,1
114,N,M,4.8,10,0,0
113,N,F,4.5,10,2,1
114,N,F,1.7,10,0,1
114,U,M,3,10,0,1
114,U,M,4,10,1,0
114,U,F,5,10,2,0
114,U,M,7,10,2,0
114,U,M,10,10,1,0
20,Y,M,5,10,0,1
18,U,F,4,10,6,1
114,N,M,2,10,0,0
128,N,F,3.3,10,2,1
128,N,F,3.2,10,2,1
114,N,M,0.05,10,0,1
114,N,F,7,10,1,0
114,U,F,3,10,1,1
114,U,Q,3.5,10,0,0
114,U,Q,3.5,10,0,0
114,U,Q,3.5,10,0,0
114,U,Q,3.5,10,0,0
114,U,Q,3.5,10,0,0
114,U,Q,3.5,10,0,0
114,U,Q,3.5,10,0,0
114,N,F,25,10,2,0
114,U,M,1,10,0,1
114,Y,M,1,10,0,1
114,U,F,1,10,0,1
114,U,F,1,10,0,1
114,U,F,1,10,0,1
114,U,F,10,10,10,1
124,N,F,6,10,2,1
100,N,F,12,10,0,1
114,N,M,3,15,1,0
114,U,M,0.5,10,0,0
114,U,M,6,10,0,0
114,U,M,7,10,0,0
114,U,F,5,10,0,0
125,N,F,4,10,2,1
114,N,M,5,10,3,0
114,U,F,2,10,0,0
114,N,M,4.5,10,0,0
114,N,F,4.1,10,0,0
114,N,F,2,10,0,1
114,N,M,2,10,0,1
114,N,M,2,10,0,1
114,N,M,2,10,0,1
114,N,M,5,10,0,1
72,N,M,4.2,10,3,1
114,U,M,8,10,1,0
114,U,M,0.9,10,0,1
114,U,M,0.9,10,0,1
114,U,F,1,10,0,1
114,U,F,1,10,0,1
114,U,F,1,10,0,1
114,U,M,1,10,0,1
114,U,M,1,10,0,1
114,U,M,1,10,0,1
128,U,F,4,10,3,1
114,N,M,5.1,10,1,1
128,Y,M,4.6,7,4,0
32,N,F,5,10,2,1
114,N,F,6,10,0,0
113,N,M,4,10,3,0
114,N,F,3,10,0,1
114,N,M,4,10,0,1
114,U,M,6,10,3,1
114,U,F,3,10,0,1
114,U,F,5.2,10,0,0
114,U,M,4.3,10,0,0
114,U,M,4.7,10,0,0
205,U,F,3,10,1,0
69,N,M,25,10,3,0
114,N,M,7.5,10,2,1
114,N,M,8.5,10,2,1
114,N,M,6.3,10,4,1
89,N,M,5,10,7,1
128,N,F,4.7,10,4,1
80,N,M,7.84,10,0,0
114,N,F,3,10,0,0
114,N,M,3,10,0,0
114,N,F,3,10,0,0
114,N,F,3,10,0,0
114,U,F,8,10,4,1
114,U,F,8,10,4,1
114,U,Q,20,10,4,0
114,N,F,18,10,3,0
114,N,F,2.5,10,0,0
103,N,M,24,10,5,1
114,N,F,2.1,10,0,1
128,N,M,5.5,10,4,1
114,N,M,11.5,10,4,0
114,N,F,1.9,10,0,1
67,U,M,18.5,10,5,0
114,N,M,20,10,1,0
114,U,F,15,12,0,0
114,N,F,4.2,12,0,0
114,N,M,6.3,10,4,0
128,Y,M,2.5,10,1,1
114,N,M,4.5,10,2,1
114,N,F,0.7,10,0,0
114,N,F,0.8,10,0,0
113,N,M,3.2,10,9,1
114,N,F,1.5,10,0,1
114,Y,M,7.48,10,0,1
114,U,M,4.5,10,0,0
114,U,F,15,10,2,1
89,U,F,3,10,10,1
114,U,F,2,10,0,1
114,U,M,2,10,0,0
114,U,F,5,10,1,1
114,N,M,3,10,0,0
114,N,M,3,10,0,0
114,N,M,3,10,0,0
114,N,M,7,10,1,0
114,N,M,18,10,6,0
114,N,M,0.5,12,0,1
114,U,F,5,10,3,0
128,N,M,3.6,10,3,1
67,U,F,12,10,3,0
114,N,F,3,10,2,0
114,N,M,1,10,1,0
114,N,F,1,10,1,0
114,N,F,1,10,1,0
114,N,F,5,11,3,0
114,U,Q,13,7,1,0
114,U,M,8,10,1,0
114,U,M,7,10,2,0
114,U,M,3,10,1,1
114,U,M,4,10,1,0
114,U,M,3,10,1,0
114,U,M,3,10,1,0
114,U,F,4,10,1,1
114,U,F,4,10,1,1
114,U,M,4,10,1,1
114,U,M,4,10,1,1
114,U,M,3,10,1,1
114,U,M,3,10,1,1
114,N,F,4.85,10,1,0
114,N,M,5.26,10,1,0
114,N,M,1.7,10,0,0
125,Y,M,9,10,10,0
101,U,F,3,7,3,1
114,U,F,5.5,10,7,0
128,U,F,5.2,10,2,1
128,U,F,5.3,10,4,1
128,N,M,2.7,10,0,1
128,N,M,3,10,0,1
114,N,M,1,8,0,0
114,N,M,1,8,0,0
114,N,M,1,8,0,0
114,N,F,1,8,0,0
114,N,F,1,8,0,0
114,N,F,1,8,0,0
54,U,F,25,8,3,1
114,N,F,6.4,10,0,1
114,N,F,8.4,10,1,0
50,N,M,9,10,0,0
114,N,M,10.5,10,2,0
114,N,F,4,10,2,0
114,N,F,2.7,10,2,1
114,N,F,14.2,10,0,1
114,N,F,2.5,10,0,0
114,N,M,28,10,1,1
114,N,F,13,10,0,0
114,N,M,2,10,0,1
114,N,F,2,10,0,1
114,N,F,16,10,0,0
114,N,M,20,10,1,0
114,N,M,11,10,1,0
114,N,F,15,10,1,0
1,N,M,16.5,10,1,0
114,N,M,9.2,10,0,0
114,N,M,2.5,10,0,1
114,N,M,6,10,0,0
114,N,F,13,10,1,0
114,N,M,22,10,0,1
114,N,M,3,10,0,0
114,N,M,13.6,10,0,0
114,N,F,5.5,10,0,0
114,N,M,10,10,0,0
114,N,M,2,10,0,0
114,N,F,1.2,10,0,0
114,N,M,18.2,10,7,0
114,U,F,7,10,6,1
114,U,M,5,10,0,1
114,U,F,20,10,8,0
114,U,Q,1,10,0,1
114,N,M,3,10,0,1
114,N,M,0.5,10,0,1
114,N,F,6,10,1,0
114,N,M,6,10,1,0
114,N,M,4,10,0,1
72,U,F,4,10,0,1
13,U,F,8,10,0,1
114,N,F,2,10,0,0
114,N,F,2,10,0,0
99,U,F,6,10,3,1
128,U,M,3.5,10,2,0
114,N,M,6,10,9,0
114,N,M,7,10,1,1
126,N,M,4,10,0,1
114,U,F,0.1,7,0,1
114,U,F,0.1,7,0,1
114,U,F,0.1,7,0,0
114,U,M,0.1,7,0,1
114,U,F,0.1,7,0,1
114,N,M,40,10,5,1
89,N,M,3,10,3,1
114,N,F,5.8,10,5,1
114,N,M,5.5,10,2,1
114,U,Q,1,10,0,1
114,U,F,11.7,10,3,1
101,U,F,5.8,10,2,1
114,U,F,2.2,10,0,0
114,U,F,3,10,0,0
114,U,F,2.4,10,0,0
114,U,F,2.5,10,0,0
114,N,M,10.8,10,0,0
114,U,F,9.9,10,0,0
114,N,M,16,10,1,0
114,U,F,2.7,10,0,0
114,N,M,3.4,10,0,0
114,U,F,2.8,10,0,0
114,U,F,3.2,10,0,0
114,N,M,18,10,2,1
89,N,M,3.5,10,3,0
114,N,M,15,7,0,0
114,U,Q,20,10,3,0
128,U,F,3,10,0,1
114,N,M,7.5,10,0,0
114,N,F,6.5,10,0,0
72,N,F,2.8,10,2,1
128,U,F,4.5,10,1,1
69,U,M,18,10,4,0
114,U,F,3,10,0,1
108,U,F,4.8,10,0,1
114,U,F,7.3,10,2,0
114,N,F,10,11,3,0
114,N,M,3.3,11,0,1
114,N,M,0.5,14,0,0
114,N,F,0.5,14,0,0
114,N,F,0.5,14,0,0
103,N,F,20,14,2,1
114,N,M,10,14,2,0
114,Y,M,6,11,2,1
114,N,M,3.7,11,0,1
114,N,M,4.1,11,0,0
114,N,F,3,11,0,1
114,N,M,3.2,11,0,1
114,N,F,2.8,11,0,1
114,N,F,2.7,11,0,1
114,N,F,3,11,0,1
114,N,F,4.2,11,0,1
114,N,F,8.5,11,1,0
128,U,F,4,7,3,1
72,U,M,3.5,11,0,0
114,U,Q,3.5,11,0,0
114,U,Q,3.5,11,0,0
114,U,Q,3.5,11,0,0
114,U,Q,3.5,11,0,0
114,U,Q,3.5,11,0,0
114,N,M,1,11,0,0
114,N,F,1,11,0,0
114,N,M,1,11,0,0
114,N,F,12,11,4,1
114,N,M,1.5,11,1,0
114,N,M,1.5,11,1,0
114,N,F,1.5,11,1,0
114,N,F,1.5,7,0,1
118,N,M,45,7,7,0
114,N,M,11,7,4,0
101,N,F,7,11,7,0
114,N,F,4,11,2,0
54,N,M,23,11,8,0
114,N,M,2,11,0,0
114,N,M,2,11,0,0
114,N,F,15,11,0,0
114,N,F,5,11,2,0
114,N,M,4,11,0,0
114,N,M,4,11,0,0
114,N,M,4,11,0,0
114,N,F,4,11,0,0
114,N,F,18,11,1,0
114,N,F,12,11,1,0
114,N,F,2,11,0,0
114,N,F,2,11,0,0
114,N,M,2,11,0,0
114,N,M,2,11,0,0
114,N,F,8,11,3,0
114,N,M,25,11,3,1
114,N,F,1,11,0,1
114,N,M,1.1,11,0,1
114,N,F,1.1,11,0,1
114,N,F,1,11,0,1
128,N,F,3.2,11,2,1
77,U,M,5,11,3,1
114,U,F,8,11,3,1
114,N,F,3,11,0,1
114,N,F,3,11,2,1
114,N,M,2,11,0,0
114,N,F,5,11,3,0
114,N,M,5,11,3,0
114,N,F,1.5,11,0,1
114,N,M,9,11,2,1
128,N,F,2.8,11,0,1
114,N,M,6,11,2,1
114,U,F,6,7,1,1
114,U,M,5,7,0,1
114,U,F,5,7,0,1
114,U,M,5,7,0,1
114,U,M,5,7,0,1
114,U,F,15,7,3,1
72,U,F,3,7,10,0
114,U,M,2,11,0,0
38,U,F,6.6,11,1,1
114,N,F,1.2,7,0,0
114,N,M,1.4,7,0,0
114,N,F,1.12,7,0,0
114,N,F,4.98,7,2,0
20,N,M,10,7,2,1
114,N,M,15,11,2,0
114,N,F,15,11,2,0
128,N,F,4,11,3,0
122,N,F,20,11,8,0
114,U,M,1.28,11,0,0
114,U,F,1.2,11,0,1
114,U,M,1.1,11,0,0
114,U,F,1.13,11,0,1
15,N,M,10,10,4,1
114,U,F,10,11,3,0
114,N,M,35,7,3,1
114,N,F,32,7,3,1
114,N,M,1.8,7,0,1
114,N,F,1.6,7,0,1
114,N,M,5.8,7,3,0
114,Y,M,7,7,3,0
114,N,F,22,7,0,0
114,Y,M,23,7,0,0
114,N,M,3.67,11,0,0
114,N,F,3.66,11,0,0
90,N,F,3.75,11,1,1
114,U,F,10,11,3,1
128,N,F,5,11,6,0
101,N,M,4,11,5,1
67,N,M,11,11,5,0
114,N,M,3.5,11,0,0
114,N,F,5,11,5,1
114,N,F,3,11,0,1
114,N,F,0.84,11,0,1
114,N,M,0.76,11,0,1
114,N,F,0.76,11,0,1
114,N,F,0.74,11,0,1
114,N,F,5.2,11,1,1
114,N,F,8.3,11,1,0
114,N,M,14,11,2,0
114,N,M,5.7,11,1,0
38,N,F,5.4,11,4,1
128,N,M,4,11,2,1
124,U,F,7.6,11,1,1
114,N,M,3.2,11,0,1
18,Y,M,4.3,7,1,1
114,N,M,5.3,7,6,0
114,U,M,1,11,0,1
54,U,M,25,11,4,0
114,U,F,1,11,0,1
114,U,F,0.9,11,0,1
114,U,F,0.9,11,0,1
114,U,F,13,11,3,0
114,U,F,2.5,11,0,1
114,U,M,5,11,0,0
128,U,F,3,11,3,1
89,U,F,3.1,11,3,1
89,Y,M,2.8,11,1,1
89,U,F,4.2,11,3,1
89,U,F,4.3,11,1,1
114,U,F,5.3,11,2,0
114,Y,M,5.8,11,3,1
114,N,F,2.2,11,0,1
114,N,M,4.25,11,2,1
114,N,M,18.22,10,3,0
114,N,M,15.48,10,3,0
124,N,F,6.78,10,3,0
114,N,M,7.36,10,3,0
114,N,F,1,10,1,0
114,N,F,1,10,1,0
114,U,F,1,10,1,0
114,N,M,1,10,1,0
114,N,F,2,10,0,0
114,N,F,2,10,0,0
114,N,F,0.9,10,0,1
114,N,F,0.91,10,0,1
114,N,F,1,10,0,1
114,N,F,1,10,0,1
124,U,F,5,10,5,1
114,N,M,13,10,7,0
114,N,M,18,10,2,0
114,N,F,8,10,10,0
114,N,F,2,15,0,0
114,N,F,7,15,1,1
32,N,M,3.4,10,2,1
128,N,M,2.5,10,0,1
72,N,F,2.5,10,2,1
108,Y,M,11.7,11,1,1
114,Y,M,8.5,11,3,1
114,N,M,2,7,0,1
114,N,F,2,7,0,1
114,N,F,25,7,3,1
114,N,M,8,11,2,1
114,N,F,4,11,0,1
114,N,M,7,11,1,1
114,N,M,6,11,2,0
128,Y,M,2,7,3,1
72,N,M,5,11,1,1
72,N,M,4.8,11,0,1
128,Y,M,6.8,11,2,1
114,N,M,2.8,11,0,1
114,N,M,2.5,11,0,0
114,N,M,2.1,11,0,0
114,N,M,2.5,11,0,0
114,U,F,2.3,11,0,0
114,N,M,3.8,11,10,0
114,U,F,1.5,11,0,0
114,U,Q,15,11,4,0
114,U,F,6.1,11,0,0
122,U,F,18,11,1,1
114,N,F,6,11,3,0
125,N,M,8.1,11,3,1
101,U,F,4,7,8,0
114,N,Q,12,11,3,0
89,U,M,2,11,5,1
72,N,M,3,11,4,0
114,Y,M,5,11,1,1
101,U,F,4.5,11,10,0
103,U,F,18,11,4,1
128,U,M,4,11,10,0
114,N,M,1.8,11,0,0
114,U,F,1.2,11,0,0
114,N,F,4.2,11,0,1
20,N,M,10,12,0,1
114,N,M,15,12,6,1
114,N,M,15,12,3,0
114,U,M,5,12,0,0
114,N,M,5,12,0,0
114,N,M,5,12,0,0
114,N,M,5,12,0,0
114,N,M,5,12,0,0
114,N,F,5,12,0,0
114,N,F,5,12,0,0
114,N,F,5,12,0,0
114,N,F,5.9,12,0,0
114,N,M,10,12,0,0
114,N,F,3,9,0,1
128,Y,M,5.7,9,5,0
32,N,M,2,12,0,0
114,N,M,4.2,12,0,1
114,N,M,8.3,12,0,1
114,N,M,6.5,12,0,1
114,N,F,4,12,0,1
32,N,F,5,12,5,1
72,U,M,3,12,4,1
114,N,F,5.75,9,0,0
114,U,F,15,12,3,1
38,U,F,5.6,12,1,1
114,N,M,20,12,1,1
125,N,M,7,12,1,1
114,N,F,0.6,12,0,0
114,N,F,5.3,12,2,0
114,U,F,6,12,3,0
114,N,F,3.5,10,2,1
128,N,M,2.43,12,5,1
114,U,F,15,12,2,0
128,N,M,5.5,12,4,1
128,N,M,4.7,12,4,1
114,N,M,15.64,10,3,0
114,N,M,8.95,10,1,0
113,Y,M,4.18,10,2,0
72,N,F,1,12,1,1
114,U,F,6,11,5,0
114,U,M,3,11,0,1
114,U,M,3,11,0,0
114,U,M,3,10,2,0
114,U,M,15,10,1,0
67,N,M,19.47,10,1,1
114,Y,M,6,14,2,0
108,U,F,4,10,1,1
67,U,F,16,10,0,0
114,U,F,2,10,0,1
114,U,F,2,10,0,1
114,N,F,2.5,10,0,1
32,N,M,1.62,10,2,1
114,N,F,13.7,10,5,0
114,N,M,1,15,0,1
32,N,M,4,10,3,0
114,U,M,2,10,1,0
114,U,F,2,10,0,0
114,U,F,2,10,0,0
114,U,F,2,10,0,0
114,U,F,2,10,0,0
114,U,M,2,10,0,0
114,U,M,2,10,0,0
114,U,M,2,10,0,0
114,U,M,2,10,0,0
114,U,F,14,10,5,0
45,U,F,19,10,6,0
114,N,M,17.8,10,1,1
114,N,M,5.7,10,2,1
114,N,M,6,10,0,1
38,N,M,4,10,1,1
114,N,M,3.25,10,0,0
114,N,F,3.26,10,0,0
114,N,F,3.14,10,0,0
114,N,F,2.8,11,0,0
114,N,M,3.2,11,0,0
114,N,M,4.5,11,0,0
114,N,M,14,11,0,0
114,N,F,11,11,2,0
114,N,F,17.5,11,0,0
114,N,M,4,11,0,0
114,N,M,3.7,11,0,0
114,N,F,2.7,11,0,0
114,N,M,3.8,11,0,0
114,N,F,17.9,11,2,0
114,N,M,1.5,11,0,1
114,N,M,1.5,11,0,1
114,N,M,1.5,11,0,0
114,N,F,7.9,11,0,0
114,N,F,2.2,11,0,0
114,N,F,2.1,11,0,0
114,N,F,2.5,11,0,0
114,N,M,2.5,11,0,0
114,N,F,14,11,1,0
114,N,F,6.5,11,0,0
114,N,F,6.4,11,0,0
114,N,F,14,11,1,0
114,N,M,14,11,0,0
114,N,F,3,11,0,0
114,N,F,4,11,0,0
114,N,M,6,11,0,0
114,N,M,3,11,0,0
114,N,F,1.5,11,0,1
114,N,M,1.5,11,0,1
114,N,F,1.5,11,0,1
114,N,M,1.5,11,0,1
114,N,F,1.5,11,0,1
114,N,M,1.5,11,0,1
114,N,F,1.5,11,0,1
67,U,F,15,11,5,0
114,U,M,1,11,0,1
114,N,M,3.5,11,0,1
114,U,M,4,11,0,1
114,N,F,1.3,11,0,0
114,N,M,6,11,3,1
128,Y,M,5,11,5,1
114,N,M,4,11,4,0
114,N,F,4,11,2,0
114,U,F,2,7,2,0
114,U,F,3,7,2,0
114,U,M,10,7,3,1
114,U,F,5,7,3,1
114,N,F,8,11,0,1
114,N,M,12,11,0,1
114,N,F,4,11,2,1
#N/A,U,F,6,11,2,0
114,U,F,7,11,2,0
101,U,F,2.7,11,4,1
114,N,M,25,11,2,1
50,U,F,8.4,11,2,0
54,U,F,36,11,5,1
114,N,M,6.9,11,0,0
118,U,F,45,11,2,1
114,N,M,18,11,3,1
114,U,Q,15,11,3,0
101,U,M,5,11,5,1
114,N,F,4,11,0,0
114,N,M,5,11,0,0
114,N,M,5,11,0,0
114,N,F,5,11,0,0
114,N,M,5,11,0,0
114,N,M,5,11,0,0
114,N,F,3.21,11,0,0
32,U,F,4,11,7,1
114,N,M,3.5,11,0,0
114,N,M,1.7,11,0,1
114,N,M,3,11,0,1
128,N,M,5,11,3,0
114,U,F,11.7,11,1,0
114,U,F,9.4,11,0,0
114,U,F,16,11,0,0
27,N,M,11.5,11,0,1
114,Y,M,6,8,2,0
114,N,M,10,8,2,0
114,N,M,1,8,0,0
114,N,F,1,8,0,1
114,N,F,1,8,0,0
114,N,M,2,8,0,0
114,N,M,2,8,0,1
67,N,F,13,12,0,1
72,U,M,4,9,2,1
114,U,M,3,9,0,1
114,U,M,4,9,0,0
114,U,M,4,9,0,1
114,U,F,6,9,4,0
114,U,F,2,9,0,1
32,N,M,3.6,7,1,1
114,N,M,4.8,7,0,1
114,N,F,5.5,12,0,1
72,N,M,3,12,5,1
67,U,M,26,12,3,0
114,N,M,2,12,0,0
72,U,F,3,12,7,1
67,N,F,20,14,1,1
114,N,F,2,14,0,0
114,N,F,10,10,3,0
114,N,M,10,10,5,0
114,U,M,7,10,5,0
114,N,M,24,10,2,0
74,U,F,9.8,10,1,1
114,N,M,2.2,10,0,1
114,N,F,1.7,10,0,1
114,N,F,4.6,10,0,1
72,Y,M,5.6,10,6,0
113,Y,M,5.4,10,4,1
114,N,M,10,7,3,1
114,N,F,7,7,1,1
114,N,F,7,7,1,1
50,Y,M,5,7,3,1
114,U,M,25,10,0,1
114,N,F,2,10,0,0
114,N,F,2,10,0,0
114,U,F,2,10,0,0
114,U,F,15,10,1,0
114,U,F,1,10,0,1
114,U,M,1,10,0,1
114,U,M,5,10,10,1
114,N,F,3.5,10,3,0
114,N,M,1.5,10,1,0
67,N,F,4,10,0,1
50,U,F,12,10,3,1
114,N,M,1,10,0,0
114,N,F,1,10,0,0
114,N,F,4,10,2,0
114,N,M,14,10,2,0
114,N,F,8,10,3,0
114,N,M,4,10,1,1
114,N,M,5,10,0,0
114,N,F,5.4,10,0,0
114,N,F,5.5,10,0,1
114,N,M,5.2,10,0,1
114,N,F,7,10,0,0
114,N,F,15,10,0,0
114,N,F,3,10,0,0
114,N,F,2,10,0,1
114,N,F,6,10,2,1
114,U,M,7,10,0,1
114,N,F,7,10,2,1
114,N,F,1,10,0,1
114,N,M,1,10,0,1
114,N,F,0.15,10,0,1
114,U,M,0.15,10,0,1
114,N,M,0.15,10,0,1
100,N,F,14,10,1,1
89,U,M,4,7,0,1
114,N,M,4,10,0,1
114,U,F,15,10,2,0
72,U,F,3.5,7,1,1
114,N,F,1.6,7,0,1
114,N,F,0.16,7,0,1
114,N,M,0.16,7,0,1
114,N,M,1.6,7,0,1
114,N,F,0.16,7,0,1
114,N,F,0.16,7,0,1
114,N,F,6,7,1,1
38,N,M,5,9,5,1
114,N,M,7,9,0,0
114,N,M,25,9,3,0
114,N,M,20,9,2,0
114,N,F,6,9,0,0
114,N,F,3,10,0,1
114,U,F,6,10,5,0
103,U,M,8,10,0,1
114,U,M,15,10,1,1
114,U,F,6,10,8,0
123,U,F,5,10,2,1
114,N,M,2.5,10,0,1
114,N,M,2.5,10,0,1
114,N,M,2.5,10,0,1
114,U,F,2.5,10,0,0
114,U,F,7.5,10,2,1
114,N,M,35,10,6,1
114,U,M,10,7,4,0
103,N,M,25,10,3,1
114,N,F,3,10,5,0
114,N,F,1,10,0,1
114,U,M,11,10,3,0
114,N,M,11.5,10,3,0
114,N,F,5,10,1,1
114,N,M,13,10,5,0
114,N,M,17.5,10,3,0
114,N,M,4.5,10,1,1
128,N,F,6.2,10,2,1
114,U,M,20,10,3,0
103,U,F,20,10,1,1
114,N,F,7.5,10,3,1
114,N,M,4.5,10,4,0
114,N,M,6.5,10,1,0
114,N,M,22.3,10,2,0
128,U,F,3,10,4,1
89,N,F,3.1,10,8,1
114,N,M,8,10,2,1
114,N,F,4,10,0,0
114,N,F,0.8,10,0,0
114,N,F,0.8,10,0,0
114,N,M,0.6,10,0,0
114,N,M,0.9,10,0,0
114,N,M,0.6,10,0,0
114,N,M,0.7,10,0,0
114,N,F,1,10,0,1
114,N,F,1,10,0,0
114,N,M,1.4,10,0,0
114,N,F,1.4,10,0,0
114,N,F,1.3,10,0,0
114,N,F,6.6,10,5,1
114,N,M,0.7,10,0,0
114,N,F,4.2,10,5,0
124,N,M,5.3,10,2,0
72,Y,M,3.8,10,6,1
114,N,M,15.4,7,2,0
69,N,F,4.2,10,0,1
114,U,F,4,10,7,0
114,U,F,4.5,10,2,0
72,Y,M,4,10,4,1
114,N,F,20,10,2,1
205,U,F,8,10,3,1
114,U,F,12.5,10,6,1
114,U,F,1.3,10,0,1
72,N,M,3,10,5,1
72,N,M,4.5,10,5,1
114,U,M,1.3,10,0,1
114,N,M,15,10,3,1
114,N,M,9,10,2,1
72,U,F,3,10,6,1
114,N,F,3.5,10,0,1
114,N,M,7.3,10,0,0
101,N,F,4,10,1,1
114,U,F,12,12,2,0
114,N,M,7.24,10,1,0
114,U,F,2,10,0,0
114,U,M,4,10,2,0
72,N,F,1.5,10,0,1
114,U,F,5,7,0,0
114,U,F,5,7,0,0
114,U,F,5,6,0,0
114,U,F,2,12,0,0
124,U,M,7,10,2,1
114,N,F,3.4,10,3,0
114,N,M,1.8,10,0,1
114,N,M,2.5,10,0,1
108,N,F,8.7,10,1,1
128,Y,M,4,10,2,1
114,N,M,5,15,1,0
114,N,F,1.5,10,0,1
114,N,M,10.2,7,2,0
67,N,F,20,11,2,0
114,N,F,12,11,2,0
72,U,F,2.4,11,3,1
87,N,F,4.5,12,3,1
67,N,M,17,10,2,0
114,N,F,2.6,10,0,0
114,U,F,11.5,10,1,0
114,U,M,14,10,2,0
114,U,F,8,10,0,0
114,U,F,10.5,10,3,0
114,U,F,11,10,0,0
114,N,F,18.2,10,2,0
114,N,M,5,10,0,0
114,N,M,5.8,10,0,0
114,N,F,4.2,10,0,0
114,N,F,2.3,10,0,0
114,N,F,2.9,10,0,0
114,N,F,2.5,10,0,0
114,N,F,1.6,10,0,0
114,N,M,1.6,10,0,0
114,N,M,1.7,10,0,0
114,U,F,16,10,2,0
114,U,F,11,10,0,0
114,U,F,13.7,10,0,0
114,U,M,15.2,10,0,0
114,U,M,9,10,1,0
114,U,F,10,10,0,0
114,U,M,21,10,1,0
114,U,F,9,10,0,0
114,U,M,9,10,0,0
114,U,M,15,10,1,0
89,U,M,3,10,5,1
114,U,M,16.3,10,0,0
114,U,F,12.6,10,0,0
114,U,M,12,10,0,0
114,N,M,3.2,10,0,0
114,U,M,11,10,0,1
114,N,M,13.3,10,0,0
114,U,M,19,10,5,1
114,N,M,1.4,9,0,1
114,N,M,7,10,3,1
54,U,Q,15,10,6,0
114,N,F,7,10,1,0
114,N,F,8,10,1,0
114,U,F,4,9,5,0
114,U,M,1,9,0,0
114,U,M,1,9,0,0
114,U,F,1,9,0,0
114,U,F,1,9,0,0
114,N,F,6,9,4,0
114,N,M,4,14,0,0
114,N,M,4,14,0,0
114,N,M,7,14,0,0
114,N,F,4,14,0,0
114,U,F,5.1,10,3,1
128,U,F,2.5,10,2,1
114,N,M,6,10,1,0
113,N,F,2.5,10,3,1
122,N,F,22,10,5,1
122,N,M,32,10,7,1
125,U,M,2,7,0,1
114,U,M,3,7,2,0
114,N,F,3,10,0,1
114,U,M,20,10,3,0
124,N,M,6.7,10,4,1
67,N,M,11,10,2,1
69,U,F,28,10,2,1
114,U,M,11.5,10,3,0
114,N,M,5,10,2,0
114,U,F,3.2,10,0,0
114,U,F,2.7,10,0,0
114,U,F,2,9,0,1
114,U,F,5,9,0,0
114,U,F,8,9,2,0
114,U,M,10,9,1,0
128,U,M,7,9,3,1
114,U,F,16.8,10,2,0
114,N,M,13.9,10,1,0
114,U,F,2.2,10,5,1
124,N,M,9.2,10,1,0
72,N,M,3.9,10,4,1
72,N,M,2.7,7,1,1
22,U,M,8,10,2,0
113,U,F,4,10,6,0
114,N,M,1,10,0,1
114,N,M,1,10,0,1
114,N,M,1,10,0,1
114,N,M,1,10,0,1
114,N,M,1,10,0,1
114,N,F,1,10,0,1
114,Y,M,5.5,10,0,1
114,N,M,8.6,10,1,0
114,N,F,18.45,10,4,0
114,N,M,13.45,10,2,0
114,N,F,2.3,10,0,1
114,U,M,2.5,10,0,1
114,U,F,2.5,10,0,0
114,N,M,17,10,3,0
114,N,M,8.2,10,3,0
114,U,F,16.8,10,9,0
114,N,M,3.8,10,0,0
114,U,F,3.5,10,0,1
114,U,F,4,10,0,0
114,N,M,8.7,10,2,0
114,N,M,20,10,2,0
114,N,F,5.7,10,2,1
114,U,Q,4,10,0,0
114,U,F,4,10,2,0
114,N,F,4,10,2,0
89,U,Q,3,10,1,0
67,N,F,15,10,2,0
114,N,F,6,14,2,0
114,N,F,12,14,0,0
114,N,F,3,14,0,0
114,N,F,3,14,0,0
69,U,M,28,10,2,1
114,Y,M,8,10,1,1
114,U,F,2.4,10,1,1
87,N,F,6,10,3,1
114,N,F,4.1,10,0,0
114,N,F,1.66,10,0,1
128,Y,M,4,10,3,1
72,N,M,1.8,10,9,1
67,N,M,25,7,3,1
114,N,M,3,7,0,1
114,U,F,6,10,0,0
114,U,F,6,10,0,0
114,N,M,10,10,3,0
114,N,F,6,10,3,0
114,N,F,4,10,0,0
27,Y,F,9.5,10,0,1
114,N,M,1.3,10,0,1
114,N,M,1.8,10,0,1
114,N,M,5,10,0,1
108,N,F,5.5,10,7,1
114,N,M,5,10,7,0
114,N,M,15,10,3,0
114,N,F,3,10,0,0
114,N,M,3,10,0,0
114,N,F,3,10,0,0
114,N,F,4,10,0,0
114,N,F,5,10,0,0
108,N,M,7,10,7,0
128,N,M,8,10,5,0
114,N,F,5,10,3,0
78,N,M,3,10,4,1
114,N,F,3,10,0,0
114,N,M,8,10,5,0
114,N,F,7,10,4,0
114,N,F,7,10,3,0
114,N,M,7,10,2,0
114,U,F,5,10,0,0
114,U,M,5,10,0,0
114,U,F,5,10,0,0
67,U,M,35,10,2,0
114,N,F,5.2,10,1,0
114,N,F,1.5,10,0,1
90,N,M,11,10,7,1
114,N,F,6,10,0,0
1,U,F,25,10,2,1
114,U,M,2,10,0,1
114,U,F,7,10,2,0
114,U,M,20,10,3,0
114,U,F,3.5,10,0,1
114,U,M,3.5,10,0,1
114,U,F,3.5,10,0,1
114,U,F,3,10,0,1
114,U,F,3,10,0,1
114,U,M,3,10,0,1
114,U,M,2.5,10,0,1
114,U,F,2.5,10,0,1
20,N,F,16,10,0,1
128,Y,M,4,10,0,1
128,Y,M,4,10,5,1
114,N,F,4,9,3,0
114,N,F,12,9,1,1
67,N,M,1,10,0,1
67,N,M,1,10,0,1
67,N,M,1,10,0,1
67,N,M,1,10,0,1
67,N,F,1,10,0,1
67,N,F,1,10,0,1
67,N,F,1,10,0,1
128,U,M,6,7,2,0
114,U,M,0.5,7,0,0
114,U,F,14,10,4,0
114,U,F,7,10,3,0
67,U,F,18,10,8,0
114,U,M,1.16,10,0,1
114,N,M,4.9,10,1,1
114,U,M,0.5,10,0,0
114,N,F,6.4,7,5,0
114,N,F,10,10,3,0
114,N,F,2,10,0,0
114,N,M,2,10,0,0
114,N,F,3,10,1,0
114,N,F,2,10,0,1
123,N,M,7,10,2,1
124,U,F,8,8,5,0
123,N,M,9,8,2,0
32,U,M,2,10,5,1
114,U,F,4,10,5,0
72,N,F,4,10,3,0
114,U,M,3,10,5,0
114,U,F,7,10,3,0
114,U,M,7,10,2,0
114,N,M,6.5,10,2,0
114,U,F,5,10,2,1
114,N,M,1,10,0,1
114,N,M,1,10,0,1
122,N,M,25.5,7,4,0
114,N,Q,6,10,1,0
114,N,M,6,10,1,1
114,N,F,3,10,4,0
103,N,F,20,10,1,1
67,U,M,16,10,3,1
114,N,M,28,10,5,0
114,N,F,16.65,9,2,0
114,N,M,2.77,9,0,0
114,N,M,2.76,9,0,0
114,N,F,2.75,9,0,0
114,N,F,6.78,9,8,0
114,N,F,12.83,9,2,0
67,N,M,22.1,10,3,1
114,N,F,3.3,10,0,1
87,U,F,5.5,10,7,1
114,U,F,6,14,1,1
114,U,F,2,10,0,0
114,N,F,18,10,2,0
114,N,M,9.8,10,4,0
114,N,F,13,10,1,0
114,N,M,20,10,1,0
114,N,F,1.6,10,0,0
114,N,F,1.5,10,0,0
114,N,M,1.5,10,0,0
114,N,M,1.4,10,0,0
114,N,M,1.2,10,0,0
114,N,F,1.3,10,0,0
114,N,F,1,10,0,0
114,N,F,0.8,10,0,0
114,N,M,1,10,0,0
114,N,M,0.8,10,0,1
128,N,F,4.5,10,9,1
114,N,M,15.7,10,3,0
114,N,F,8.1,10,3,0
126,U,F,15,14,1,0
114,N,M,25,14,0,0
72,N,M,4.2,10,2,1
72,Y,M,4,10,4,1
103,N,M,25,10,3,1
113,N,M,4,10,5,0
101,U,F,4.9,10,3,1
105,U,F,15,10,1,1
128,N,M,7,10,5,0
114,U,F,2.6,10,1,1
114,N,M,2.5,10,0,1
114,N,F,7.2,10,2,1
114,N,F,16,10,2,1
72,U,F,4,10,1,1
114,U,F,3,10,2,1
72,U,F,3.3,10,3,1
72,Y,M,3.3,10,3,1
128,N,F,4.1,10,13,1
114,N,M,3.5,10,0,1
67,N,M,20,10,2,1
128,N,M,4.5,10,3,0
114,U,F,7,10,0,0
114,U,F,7,10,0,0
114,U,F,7,10,0,0
114,U,M,7,10,0,0
114,U,F,5,10,0,0
114,U,F,15,10,0,0
114,U,M,5,10,0,0
114,U,M,5,10,0,0
114,U,M,5,10,0,0
114,N,F,4,12,0,0
114,N,F,5,12,1,0
80,N,F,6,12,2,0
89,N,F,3,12,2,1
72,N,M,2,12,1,0
114,N,F,2.7,10,0,0
67,N,F,22,10,2,0
72,N,M,3.3,10,1,1
114,N,F,20,10,2,0
119,N,F,20,10,2,1
119,N,M,25,10,2,1
119,N,M,20,10,2,1
114,N,M,15,10,2,1
114,U,F,4,10,1,0
114,U,F,4,10,1,0
114,U,F,8,10,2,0
114,U,M,10,10,3,0
114,U,M,4,10,1,0
124,N,M,5,9,3,1
114,N,F,3,10,0,0
114,U,F,1.3,10,0,1
67,U,F,20,10,5,0
128,Y,M,3,10,3,1
67,N,F,11.81,10,1,0
114,N,F,2.66,10,0,1
124,N,F,5,10,1,0
87,N,F,4.5,10,7,1
114,N,F,7,10,1,1
72,U,F,2.5,10,7,0
69,U,F,50,10,6,1
67,U,F,18,10,2,1
114,N,F,5,10,0,0
114,N,F,12.55,10,0,0
114,N,F,14.25,10,4,0
114,N,F,1.5,10,0,0
114,N,F,2,10,0,0
114,N,F,2.6,10,0,1
72,Y,M,3.6,10,8,0
72,N,F,2.1,10,5,0
114,N,M,1.7,10,0,1
146,N,M,20,10,5,0
114,N,F,3,10,0,0
38,N,F,5,10,0,1
128,Y,M,3,10,5,0
114,N,M,4,10,3,0
114,N,M,15,10,1,0
103,U,M,10,10,0,0
72,Y,M,3,10,3,1
203,U,M,4,10,0,1
203,U,F,22.7,10,5,0
114,U,F,4,10,1,0
114,N,M,13,10,1,0
114,N,F,5,10,4,0
146,N,M,23,10,2,1
114,N,F,11.5,10,2,0
114,U,M,20,10,2,0
38,U,F,4.8,10,5,1
18,N,M,2.1,10,0,1
72,N,F,2.5,10,10,1
72,Y,M,3.6,10,0,1
114,N,F,11.2,11,1,0
114,N,M,16.2,11,1,0
114,U,M,21,10,2,0
128,U,F,4,10,2,1
114,U,M,7,10,1,0
114,U,F,3,10,1,1
114,U,M,10,10,2,0
67,U,F,10,10,2,0
114,U,M,8,10,2,0
114,U,M,8,10,2,0
67,U,M,13,10,2,1
114,U,M,8,10,2,0
114,U,M,5,9,2,0
34,N,M,20,9,4,0
114,Y,M,6.5,10,1,0
72,N,M,3.4,10,4,1
128,Y,M,6.8,7,1,0
72,N,M,5,8,7,1
101,U,F,2.5,10,5,1
124,U,F,9.8,10,2,1
114,N,M,15,10,3,0
114,U,F,15,10,6,0
114,N,F,4,10,2,0
114,N,F,2.5,10,0,1
89,U,F,5,10,6,0
114,N,M,4.6,10,1,0
114,U,F,13.1,10,2,0
114,U,M,5.2,10,0,1
128,U,M,1,10,0,1
123,U,F,5,10,4,0
32,N,F,0.5,10,0,1
114,N,F,2,10,0,1
22,Y,M,8,10,4,0
108,U,F,7.3,10,3,1
114,N,M,5,10,1,0
114,U,F,2.2,10,0,1
114,U,F,5.4,10,0,1
114,U,F,4.6,10,1,0
114,N,M,2.2,10,0,0
72,Y,M,2.9,10,10,0
114,U,F,15,10,3,1
128,U,F,4,10,2,1
128,Y,M,6,10,2,1
128,U,M,3,10,3,1
89,U,M,3,10,3,1
77,U,F,4,9,6,0
67,U,M,17,9,2,1
114,U,F,15,9,2,0
119,N,F,15,10,2,1
119,N,F,15,10,2,1
119,N,F,15,10,2,0
119,N,M,15,10,2,1
119,N,M,15,10,2,1
114,U,M,3,10,5,1
114,N,F,5,10,0,1
128,U,F,4,9,1,0
114,U,F,8,9,1,1
126,N,F,25,9,3,1
113,N,F,2.5,9,5,0
72,N,F,4,9,4,1
67,N,F,17,9,2,0
114,N,F,7.1,9,2,0
124,N,F,4,10,5,1
114,N,F,5,10,3,0
128,N,M,4,9,1,0
124,U,F,6,9,2,0
101,Y,M,5,9,2,1
114,U,F,13.5,10,2,0
67,U,F,30,9,4,0
50,Y,M,10.5,10,3,1
101,Y,M,4.9,12,14,0
118,N,M,50,12,3,1
114,U,F,10,12,1,0
114,N,M,8.1,10,2,0
114,N,M,7,10,1,0
114,N,M,4,10,0,1
128,N,F,4.2,9,10,1
32,N,M,0.4,9,0,1
72,N,F,4,9,10,1
128,N,F,3.3,9,5,1
128,N,M,3.3,9,1,1
114,N,M,9.2,9,1,0
128,N,M,4.8,10,2,1
114,U,F,3.4,10,0,0
22,U,F,7,10,2,1
89,U,F,2,10,1,1
38,N,M,2.5,10,0,1
90,N,M,5,10,1,1
67,N,F,2.2,10,0,1
114,N,F,14,10,2,0
114,U,F,6,10,0,0
128,N,M,7,10,2,0
114,N,F,1.5,10,0,0
54,N,M,6,10,1,1
69,U,F,32,10,3,1
69,U,F,34,10,1,1
69,N,M,48,10,3,1
69,N,M,45,10,4,1
114,N,M,13,10,0,0
69,N,M,43,10,3,1
67,N,M,25,10,4,0
72,U,F,2,10,3,1
72,N,F,3,10,4,1
114,N,F,2.2,10,0,0
124,N,M,3.8,10,1,1
114,N,F,2.2,10,0,0
114,N,F,2.2,10,0,0
114,N,F,2.2,10,0,1
114,N,F,2.5,10,0,0
114,N,M,12.3,10,0,0
114,N,F,11.3,10,0,0
54,N,F,27,10,1,0
114,N,M,7.4,10,1,0
114,N,M,4.2,10,0,1
114,N,F,9,10,0,0
114,N,F,10.4,10,1,0
114,N,M,17.5,10,1,0
114,N,F,9.8,10,0,0
114,N,M,12,10,0,1
89,N,F,2.5,10,6,1
114,N,M,10.6,10,1,0
114,N,F,4.9,10,0,1
114,N,F,5.1,10,0,0
114,N,M,4.9,10,0,1
114,N,M,3.5,10,0,0
114,N,M,4.4,10,0,0
114,N,M,4.2,10,0,1
114,N,M,15.6,10,0,0
114,N,M,2.2,10,0,0
114,N,F,10,10,2,1
20,U,M,8,10,0,1
114,N,M,3.6,10,3,0
114,N,M,10.2,10,2,0
114,N,F,12.5,10,0,0
114,N,F,15,10,3,0
114,U,M,7,10,6,1
114,N,M,5,10,1,0
114,N,M,6,10,1,0
114,N,M,8,15,2,1
114,N,M,5,15,1,0
114,U,F,6,10,2,0
114,U,M,6,10,4,0
77,U,F,4.5,10,2,1
128,N,F,4.5,10,2,1
114,N,F,1.5,10,0,1
114,N,F,1.5,10,0,1
114,N,F,8,10,4,1
67,N,M,18,10,2,1
133,N,F,30,10,3,1
114,N,M,25,10,4,0
114,N,F,4,10,3,1
114,N,M,5,10,2,0
18,N,M,8,10,2,1
114,U,F,3,10,0,0
114,U,F,7,14,2,0
#N/A,U,Q,7,14,4,0
69,U,F,31,10,5,1
69,U,F,28,10,8,1
54,U,F,38,10,6,1
69,U,F,40,10,8,0
164,U,F,18,10,1,1
114,U,F,17,10,2,0
164,U,M,28,10,2,1
164,U,F,28,10,2,0
27,U,F,17.9,10,3,1
114,N,M,4.7,10,2,0
114,U,F,4.2,10,3,0
114,N,M,5.3,10,2,0
114,U,F,4.3,10,4,0
114,N,M,3.6,10,1,0
114,N,M,6.4,10,0,0
114,U,F,4.9,10,0,0
114,N,M,5.3,10,0,0
114,N,M,1.5,10,0,1
114,N,M,1.5,10,0,1
114,N,F,1.5,10,0,1
114,U,F,1.5,10,0,1
114,U,F,1.5,10,0,1
114,N,F,5.5,10,3,0
114,U,F,4,10,1,1
114,U,M,10,10,3,0
114,U,M,1,10,0,1
114,N,M,20,10,1,0
101,N,M,6,10,7,1
114,U,F,7,10,0,0
67,N,M,18,10,2,0
114,U,F,11.8,21,3,0
72,U,F,2.8,10,10,0
114,U,F,4,10,3,1
114,U,M,2,10,0,1
114,U,F,1.5,10,0,1
114,U,F,1.5,10,0,1
89,N,M,4,10,2,1
114,N,F,10,10,1,0
114,U,F,3,10,5,1
114,N,F,3,9,0,1
114,N,M,3,9,0,1
114,N,F,21,10,2,1
114,U,F,8,10,3,0
114,N,F,9,10,7,0
114,N,M,10,10,7,0
101,N,M,8,10,8,0
114,U,M,2,9,1,0
114,U,M,2,9,1,0
114,U,M,2,9,1,0
114,U,F,2,9,1,0
67,U,F,1,9,0,1
114,N,F,0.7,9,0,1
72,N,M,4,10,3,1
114,N,M,36,10,2,1
18,N,M,2.9,10,0,1
114,N,M,11,10,3,0
114,U,F,9.6,10,0,1
114,N,M,9,10,3,0
128,N,F,1.5,10,0,1
77,N,M,7,10,0,0
128,N,M,3,10,0,1
87,U,F,2.9,10,6,0
114,U,F,11.4,10,2,0
114,U,F,7.8,10,0,0
114,N,M,5,10,2,0
114,N,M,5,10,2,0
114,N,F,5,10,2,0
119,N,M,20,10,2,1
119,N,F,20,10,2,1
119,N,F,15,10,2,0
119,N,M,20,10,0,1
119,N,F,20,10,2,1
114,U,M,4,10,0,0
114,U,M,28,10,2,1
114,U,F,6,10,0,1
114,N,F,3,10,0,1
114,N,F,1,10,0,0
114,N,F,1,10,0,0
114,N,F,1,10,0,0
114,N,M,1,10,0,0
114,N,M,1,10,0,0
114,N,M,1,10,0,0
114,N,M,1,10,0,0
114,N,M,1,10,0,0
69,U,M,15,10,5,1
114,N,F,8,7,0,1
114,N,M,15,10,0,1
128,U,M,2,10,0,1
114,U,M,4,10,2,0
114,U,F,1,10,0,0
114,U,F,1,10,0,0
114,U,F,1,10,0,0
114,U,F,1,10,0,0
114,N,F,7,10,4,0
114,U,M,5,10,1,0
114,U,F,1.5,10,0,0
114,U,M,1.5,10,0,0
114,N,F,10,10,2,0
114,N,M,9.4,10,6,1
114,N,F,26,10,4,1
114,N,M,14,10,1,0
114,N,F,10,10,1,0
114,N,F,12,10,1,0
114,N,M,11,10,1,0
114,U,M,7,10,2,0
114,U,M,20,10,4,0
114,N,F,25,10,7,0
114,N,M,25,10,7,0
114,N,F,2,10,0,1
114,N,F,2,10,0,1
114,N,M,2,10,0,1
114,N,M,2,10,0,1
114,N,M,2,10,0,1
114,N,F,8,10,3,1
114,N,M,6.6,10,5,0
114,N,F,2.6,10,0,1
72,Y,M,4.7,10,12,0
114,U,F,12,10,1,0
114,U,M,8,7,3,0
67,U,F,2.5,10,0,0
114,N,F,2,10,0,1
114,U,F,6,10,1,0
114,N,F,15,10,2,0
114,N,M,5,10,1,1
114,N,M,4,10,1,1
114,N,F,4,10,1,1
124,Y,M,5,10,12,1
67,N,F,3,10,0,1
114,N,F,10,10,2,1
114,U,F,2,10,0,0
114,N,M,7,10,3,0
114,N,M,7,10,5,1
114,U,F,5,14,0,0
114,U,F,8,10,1,0
128,N,M,5.5,10,4,1
114,N,M,6,10,3,1
114,N,M,10,10,2,1
67,U,M,10,10,5,0
89,U,F,2,10,1,1
114,U,F,3,10,1,1
128,Y,M,4.5,10,1,1
128,N,F,5,10,2,1
122,N,F,18.85,10,2,1
114,N,F,2.58,10,0,0
114,N,F,2.57,10,0,0
114,N,F,2.56,10,0,0
114,N,M,2.38,10,0,0
114,U,M,19,10,2,1
114,U,F,19,10,2,1
69,U,F,18,10,0,1
114,U,F,16,10,3,0
114,U,M,20,10,1,0
114,U,M,17,10,2,1
114,U,M,15,10,2,1
114,U,F,9,10,1,0
114,N,F,16.82,10,2,0
114,N,M,3.36,10,0,0
114,N,M,3.36,10,0,0
114,N,F,3.25,10,0,0
114,N,F,3.24,10,0,0
114,N,F,3.23,10,0,0
114,N,F,3.22,10,0,0
114,N,F,6,10,6,0
114,N,M,3,10,1,0
114,N,M,3,10,0,0
114,N,M,3,10,0,0
114,N,M,15.6,10,3,1
69,N,M,35,10,3,1
101,N,M,2.3,10,0,0
114,N,M,3,10,0,0
114,N,M,3,10,0,0
114,N,M,3,10,0,1
114,N,F,3,10,0,0
113,N,F,2.3,10,13,0
67,U,F,13,12,0,1
34,N,M,15,12,1,0
114,N,F,3,10,0,1
32,U,F,3.9,10,5,1
114,U,Q,25,10,0,0
114,N,F,1.9,7,0,0
114,N,F,1.8,7,0,0
114,N,F,1.9,7,0,0
114,N,F,1.8,7,0,0
114,N,M,1.9,7,0,0
114,N,M,1.8,7,0,0
114,N,M,1.9,7,0,0
114,N,M,1.8,7,0,0
114,N,F,23,7,3,0
114,N,F,6.4,7,0,0
26,N,F,10,7,8,1
114,U,M,20,12,0,0
114,N,M,17,10,1,0
128,N,M,4.2,10,3,1
101,Y,M,4,10,6,1
54,U,F,35,10,6,1
128,U,F,3.9,10,3,1
114,N,M,1.2,7,0,1
114,N,F,4.1,7,0,1
114,N,M,9.6,10,1,0
124,U,F,3,10,0,1
114,U,F,2.3,10,0,1
32,U,F,2,10,5,1
128,U,F,3.4,10,0,1
114,N,F,5.8,10,3,0
114,N,F,6.42,10,0,0
114,N,M,4.58,10,1,0
89,U,F,3.5,10,1,1
101,Y,M,4.5,10,1,1
128,N,M,4.5,10,2,1
67,N,M,20,7,5,1
124,Y,F,5.8,10,5,1
114,U,M,10,10,3,0
114,N,M,1.47,10,1,1
114,N,M,4.86,10,4,0
128,N,F,3.3,10,4,1
114,N,F,1.8,10,0,1
114,N,M,1.7,10,0,1
100,N,M,8.5,10,0,1
67,U,M,5,9,3,0
114,U,M,7,10,1,0
114,N,M,15,10,0,0
114,N,F,3.8,10,0,1
114,N,F,3,10,0,1
114,N,M,3,10,0,1
114,N,F,2,10,0,1
114,N,F,6,10,0,0
114,N,Q,5,10,5,0
114,N,F,10,10,0,0
18,N,M,4.5,10,2,1
114,N,M,6.5,10,5,0
32,U,M,4,10,1,1
72,U,M,3,10,5,1
128,U,F,4.6,10,1,1
114,N,F,4.8,10,0,1
114,N,M,0.6,10,0,1
67,N,M,18,10,0,0
114,U,F,5.3,10,0,0
27,N,M,30,10,2,1
114,U,F,5.7,10,0,0
99,N,M,6.6,11,2,1
54,U,M,13,11,2,0
38,N,M,5.5,11,3,1
85,N,M,3.6,11,0,1
114,N,F,6.5,11,1,0
114,N,M,20,7,7,1
114,U,F,5.8,11,1,0
114,N,M,8,11,4,0
114,N,M,1.4,11,0,1
114,N,F,1.4,11,0,1
114,N,F,1.4,11,0,1
114,N,M,10,11,1,0
69,N,M,20,11,3,0
114,N,F,13,11,0,0
114,N,M,18.47,11,2,0
114,N,M,5,11,0,1
67,N,M,16,11,5,1
38,N,F,5.2,11,3,1
124,N,F,8,10,2,1
114,U,F,5,10,2,1
69,N,M,40,11,5,1
114,U,F,6,10,3,0
114,N,M,2.8,14,0,0
114,N,F,5.8,14,3,0
114,N,M,2.5,14,0,0
114,N,F,4.5,14,2,0
114,N,F,4.5,14,2,0
114,N,F,6.5,14,3,0
114,N,F,4.8,14,3,0
114,N,F,6,14,2,0
114,U,F,5,10,1,1
114,N,F,4.6,7,5,0
122,N,F,30,7,2,0
100,N,F,7,10,3,1
20,N,M,22,10,4,1
114,U,M,35,10,0,1
114,U,F,11.5,10,2,0
114,N,F,8.5,10,2,1
114,Y,M,6,10,3,1
114,N,M,7,10,2,0
90,N,M,5,10,1,1
114,U,F,12.2,10,1,0
114,U,M,5.3,10,1,1
114,U,F,11,10,2,1
114,N,M,9.5,10,0,0
114,N,M,7,10,0,0
114,N,M,3.2,10,0,0
114,U,F,8.4,10,0,0
114,N,M,4.3,10,0,0
114,U,M,14,10,1,0
114,U,F,9.8,10,1,0
114,N,F,2.5,10,0,0
114,N,F,2.7,10,0,0
114,N,F,2.2,10,0,0
114,N,M,2.1,10,0,0
114,N,M,1.9,10,0,0
114,N,F,2.2,10,0,0
114,N,M,2.2,10,0,0
114,N,M,2.5,10,0,0
114,N,F,0.5,10,0,1
114,N,F,0.5,10,0,1
114,N,F,0.5,10,0,1
114,N,F,0.5,10,0,1
114,N,F,0.5,10,0,1
114,U,F,0.5,10,0,1
114,N,M,0.5,10,0,1
114,N,M,0.5,10,0,1
114,Y,F,4,10,0,1
67,U,M,20,10,5,0
114,U,F,20,10,6,0
72,U,F,4,10,5,1
114,N,F,16,10,3,0
114,U,Q,0.4,10,0,0
114,U,F,14.3,10,2,0
69,N,M,32,10,2,1
114,N,M,2.2,10,0,0
114,U,F,21.2,10,1,0
114,U,M,2,10,0,1
114,N,M,36,10,2,0
114,U,F,0.3,10,0,1
114,U,F,20,10,2,1
114,N,M,10,10,6,0
128,N,M,2.3,10,1,1
114,U,F,3,10,4,0
114,N,M,6.74,10,0,1
114,N,M,9.53,10,4,0
114,N,F,12.67,10,2,0
114,N,F,17.45,10,6,0
114,N,M,3.9,10,0,0
77,U,F,5.9,10,2,1
50,Y,M,9.7,10,2,1
114,U,F,16,10,2,1
114,U,F,5.5,10,2,0
114,N,M,42,10,3,1
114,U,F,17,10,1,0
114,N,M,5,11,1,0
114,U,M,7,11,1,0
114,N,M,7,11,2,0
114,N,F,5,11,0,0
89,Y,M,3,11,1,1
72,Y,M,3.8,11,7,0
114,N,M,4.3,11,0,0
114,N,F,9,11,0,0
114,N,F,8.6,11,0,0
114,N,F,9,11,3,1
114,N,F,0.6,11,0,1
128,N,F,3.3,11,2,1
114,N,M,3,12,0,1
114,N,F,4.7,8,0,1
114,N,F,0.5,15,0,0
114,N,M,0.5,15,0,0
114,N,M,0.5,15,0,0
114,N,F,0.5,15,0,0
114,N,F,4,15,1,0
27,N,F,10,15,2,1
114,N,M,1.5,12,0,1
114,N,M,3.7,12,0,1
128,U,M,7,12,1,0
114,N,M,6,12,1,0
101,N,F,3,15,1,0
72,U,M,8,12,3,0
114,N,F,12,12,0,1
114,N,F,3,12,2,1
114,U,M,9,12,1,0
114,U,F,3,9,5,1
114,U,M,4,8,2,0
114,U,M,4,8,2,0
114,U,F,4,8,2,0
113,N,F,3,9,1,1
128,Y,M,4.1,12,2,1
89,N,M,4,12,3,1
114,N,M,9,12,2,0
114,N,M,20,10,9,0
114,U,F,5,10,2,1
72,U,F,3,10,2,1
114,U,M,7,15,2,0
114,U,F,10,8,3,0
114,U,F,20,8,6,1
114,U,F,7,8,5,1
124,Y,M,6.5,12,7,1
114,N,F,3.5,12,0,0
114,U,F,2,9,0,1
114,U,F,2,9,0,1
114,N,F,18,9,3,1
114,U,M,1.5,9,0,0
114,U,F,1.5,9,0,0
114,N,F,15,9,3,0
114,N,M,7,12,2,0
25,N,M,18.5,12,3,1
69,N,M,35,12,5,1
113,N,F,3,12,4,1
114,N,F,8.8,12,5,1
72,U,F,2.2,12,4,1
114,U,F,6,12,2,0
89,N,M,4,12,4,1
114,N,M,25,12,1,1
114,U,F,20,12,1,1
114,N,M,1.8,8,0,1
67,N,M,16,8,3,0
128,Y,M,3,10,1,1
32,U,M,2.4,12,5,1
89,U,F,4.2,12,12,1
128,U,M,4.7,8,1,1
101,Y,M,6.2,8,4,1
67,N,F,20,8,5,0
67,N,M,20,8,3,0
128,N,F,4.6,12,2,1
72,U,M,1,12,0,1
72,U,M,3,12,12,0
128,U,M,3,12,2,0
114,U,F,7,12,2,0
114,N,M,15,12,2,0
114,N,M,15,12,2,0
89,N,M,2.5,12,5,1
128,U,M,4.7,12,6,0
114,N,M,3,12,0,0
114,N,M,3,12,0,0
114,N,M,2.8,12,0,0
87,U,F,4.8,12,1,1
114,N,M,13,12,1,0
101,U,F,4,12,3,1
114,U,F,4,10,3,0
114,U,M,5,10,0,0
114,U,F,15,10,2,0
114,U,F,5,10,0,0
114,U,F,5,10,0,0
114,U,F,5,10,0,0
114,U,M,15,10,0,0
114,U,M,7,10,0,0
114,U,M,7,10,0,0
114,U,F,12,10,2,0
89,N,F,2,9,0,1
114,U,F,6,10,3,0
114,N,F,2,10,0,1
114,N,M,2,9,1,0
114,U,M,8,9,1,1
114,N,M,11,9,1,0
114,N,F,3,9,2,0
67,Y,M,6,10,1,1
114,N,F,6,10,4,0
114,U,F,17,10,1,0
114,U,M,1.5,10,0,1
114,N,M,7,10,3,1
128,N,F,5,10,4,0
22,N,F,9.1,12,2,1
22,N,M,9.3,12,2,1
114,U,F,16.1,12,0,0
114,U,M,16.6,12,1,0
114,N,M,2.9,12,0,0
114,N,M,17,12,1,0
114,U,F,17,12,1,0
114,U,M,15.5,12,0,0
114,U,F,14.1,12,2,0
114,U,M,17,12,1,0
114,N,F,4.8,12,0,0
114,U,F,10.4,12,1,0
69,U,F,16.2,12,0,1
114,N,M,16.5,12,1,0
114,U,F,12.2,12,0,0
114,N,F,6.4,12,0,0
114,N,F,7.2,12,0,0
114,N,M,1.4,12,0,0
114,N,M,1.5,12,0,0
96,U,F,14.3,12,0,1
114,U,F,12.3,12,0,0
114,U,M,12.3,12,0,0
114,N,M,15,8,2,0
114,N,M,10,8,3,0
101,N,M,5,8,6,1
72,N,F,4.9,8,2,1
108,U,M,12,12,3,1
114,U,M,5,12,4,0
38,U,M,3,12,0,0
114,U,F,5,12,5,0
114,U,M,2.4,12,0,1
114,N,M,3,12,0,1
114,N,M,6,15,1,0
38,N,F,7.5,12,4,1
72,U,M,5,12,3,1
114,N,M,8,12,7,0
114,N,F,4,12,1,1
114,N,F,0.2,12,0,1
114,N,M,0.2,12,0,1
114,N,M,0.2,12,0,1
114,N,M,10.4,8,3,0
72,U,M,3,9,5,1
114,N,M,17,12,3,0
114,N,F,3,12,0,0
114,N,F,12,12,0,0
114,Y,M,4,12,1,1
128,N,F,4,12,2,1
128,U,M,5,12,3,0
114,U,F,4.1,12,1,0
114,U,F,3.3,12,0,0
72,Y,M,5.6,12,6,1
114,N,M,7.4,12,1,0
114,Y,M,3.6,12,0,1
114,N,M,3.3,12,0,1
114,U,F,3.8,12,0,0
114,U,F,7.4,12,0,0
114,N,M,8,12,0,0
72,N,F,2.1,8,6,1
114,U,Q,4.5,12,0,0
128,U,F,2,12,5,1
128,U,M,4,12,5,1
18,U,M,4,12,2,0
72,U,M,3,12,1,0
114,U,F,15,12,5,0
103,U,F,23,12,1,1
72,N,F,4,12,2,1
72,N,M,4.9,12,1,1
114,U,F,4.1,12,0,0
67,N,M,11,12,1,0
56,U,F,7,10,2,0
114,N,M,6,14,1,0
114,N,F,6,14,1,0
114,N,F,10,10,3,0
114,N,M,10,10,3,0
114,N,M,5,10,3,0
114,N,F,2.2,10,0,1
114,N,M,2.4,10,0,1
114,N,M,2.2,10,0,1
114,N,F,19,10,1,0
114,N,M,27,10,1,1
114,N,F,16,10,1,0
114,N,F,25,10,3,0
114,N,M,7.1,10,0,1
114,N,F,0.5,7,0,1
20,N,M,12,10,4,1
114,N,F,4,10,1,0
114,U,F,2,10,0,0
114,U,F,2,10,0,0
114,U,F,2,10,0,0
114,N,M,2,10,0,0
114,N,M,2,10,0,0
114,N,F,2,10,0,0
114,N,M,2,10,0,0
114,N,M,2,10,0,0
114,N,F,2,10,0,0
114,N,F,2,10,0,1
114,N,F,10,10,4,0
114,N,M,4,10,0,0
114,N,M,5,10,2,1
205,U,M,7,10,6,1
114,U,M,3,10,0,0
114,U,F,5,10,2,0
114,U,M,5,10,0,0
114,U,M,10,10,2,0
114,U,F,10,10,1,0
114,N,F,15,17,2,0
114,N,F,7,17,1,0
114,N,M,3,17,0,0
114,N,F,3,17,0,0
114,N,F,10,17,2,0
114,N,M,2,17,1,0
114,N,M,3,10,0,0
114,N,M,3,10,0,0
114,N,F,2,10,0,0
114,N,F,8,10,0,0
114,N,M,16,10,4,0
114,N,M,2,10,0,1
114,N,M,2,10,0,1
114,N,F,20,10,2,1
114,N,F,25,10,3,1
114,N,M,10,10,1,1
114,U,M,7,10,2,1
107,N,F,3.5,9,3,1
108,N,F,9,9,1,1
114,U,M,6,9,1,0
114,U,F,15,9,1,0
114,U,M,4,9,1,0
114,U,M,15,9,1,0
114,U,M,15,9,1,1
114,U,M,4,10,1,1
113,U,F,3,10,1,0
114,U,M,3,7,2,0
114,U,M,8,7,2,0
114,U,M,6,10,7,0
69,U,Q,20,10,1,1
114,U,F,20,10,1,1
128,N,F,3,10,7,0
114,N,M,2,10,0,0
114,N,M,4,10,0,0
103,U,F,20,9,2,1
101,N,M,4,9,1,1
114,U,F,5.6,10,1,1
114,U,F,11,10,2,0
54,N,F,30,10,9,1
114,N,M,16.66,9,2,0
38,N,F,7.82,9,2,1
114,U,M,6,9,0,1
114,U,M,5,9,2,1
146,U,M,21,9,3,0
114,U,F,15,9,3,0
114,U,F,14,9,3,0
114,U,M,9,9,0,0
114,U,M,17,9,3,0
114,N,M,18.67,9,3,0
128,N,M,5,10,3,0
69,N,M,34,10,4,1
114,N,M,0.56,10,0,1
114,N,F,0.36,10,0,1
114,N,F,0.4,10,0,1
114,N,F,17,10,2,1
114,N,F,3,10,0,1
114,U,F,20,13,2,0
114,N,M,2.6,10,2,1
114,N,M,8,10,0,0
114,U,F,8,10,0,0
89,Y,M,3,10,10,1
114,N,F,4.5,7,2,1
114,N,M,1.5,7,0,0
114,N,F,1.4,7,0,0
114,N,M,1.6,7,0,0
114,N,F,1.5,7,0,0
114,N,M,3,7,0,1
114,N,M,2.8,7,0,0
114,N,F,15,7,5,0
114,N,M,4,7,0,0
114,N,F,3.1,7,0,0
27,N,F,15,7,4,1
113,N,F,5.2,7,13,1
128,Y,M,4,13,2,0
114,N,F,2.5,10,0,0
114,N,M,2.5,10,0,0
114,N,M,7.4,10,0,1
89,N,M,2,10,0,1
113,U,F,2.1,10,4,1
101,N,M,6.8,10,3,1
101,N,M,6.5,10,3,1
114,N,M,7,7,1,0
114,N,F,6.3,7,2,1
114,N,M,7,7,1,0
114,N,F,6.9,7,2,0
114,N,M,6.5,7,1,0
114,N,F,6.9,7,2,0
114,N,F,4.5,7,2,1
114,N,F,8.4,7,1,0
114,N,F,5.9,7,1,0
114,N,F,6.3,7,1,0
125,N,F,7,10,4,0
114,U,M,4,10,2,0
114,U,F,5,10,3,0
114,U,F,20,11,1,0
114,U,F,2.3,11,0,0
114,N,M,2.4,11,0,0
114,N,F,10,14,1,0
114,N,M,4,14,0,0
114,N,M,4,14,0,0
114,N,M,4,14,0,0
114,N,M,5.4,11,0,0
22,N,M,9,12,3,0
114,N,M,15,12,3,0
114,N,M,20,12,4,0
114,N,F,6,12,2,0
114,N,M,21.48,10,3,0
89,N,M,3.4,7,1,1
114,U,M,5,10,2,1
114,N,M,11.45,10,2,0
114,N,M,4.01,10,0,1
114,U,F,2.25,10,0,1
114,U,M,2,9,1,0
114,U,F,1,9,1,0
114,N,F,1,9,1,0
114,N,F,11,9,3,0
114,N,M,9,10,0,0
114,N,M,6,10,2,0
114,U,M,5,12,2,0
128,U,F,2,12,1,1
114,U,F,3,12,1,0
114,U,F,3,12,1,0
114,U,F,3,12,1,0
114,U,F,3,12,1,1
114,U,F,3,12,1,1
114,U,F,3,12,1,1
114,U,F,3,12,2,1
114,U,M,3,12,2,0
114,U,M,2,12,1,0
114,U,F,3,12,3,1
114,U,F,3,12,2,1
114,U,F,4,12,2,1
114,U,F,3,12,1,0
113,N,F,3,12,3,1
114,U,F,4,12,2,1
67,U,F,8,12,0,1
128,N,M,3,12,3,1
114,N,M,10,10,0,0
114,N,M,15,10,2,0
114,N,M,6.1,10,0,0
114,N,M,2.1,10,0,0
114,N,F,10,10,0,0
114,N,M,15,10,0,0
114,N,F,9.2,10,0,0
114,N,F,4.3,10,0,0
72,N,M,2.9,10,1,1
114,N,M,14.5,10,0,0
114,N,F,11,10,1,0
114,N,F,7.4,10,0,0
72,Y,M,2,10,0,1
114,N,M,3,10,0,0
114,N,F,2.5,10,0,0
114,N,F,2.5,10,0,0
114,N,M,12.1,10,0,0
114,N,M,13,10,0,1
114,N,F,2.7,10,0,0
114,N,F,18,10,1,0
114,N,F,4,10,2,0
114,N,F,2,10,0,1
114,N,F,2,10,0,0
114,N,M,2.5,10,0,1
114,N,F,2,10,0,1
122,N,M,30,10,6,1
89,N,M,4,10,0,1
114,N,F,3.5,10,1,0
114,N,M,6,10,0,1
72,U,F,3.25,10,4,1
114,U,F,20,10,2,0
114,U,M,25,10,2,0
114,U,F,10,10,1,0
114,U,F,4,10,1,0
114,U,F,5,10,2,0
128,U,F,1.42,10,0,1
114,N,F,1,10,0,1
114,N,M,5,10,0,1
114,N,M,2.2,10,0,1
128,N,F,4.5,10,2,1
114,N,M,1.5,10,0,1
128,Y,M,2.5,10,1,1
114,N,M,2.2,10,0,1
114,N,M,1.5,10,0,1
90,N,M,8,10,1,1
114,U,F,9,10,2,1
72,U,F,3.5,10,4,1
114,N,M,3,9,0,0
114,U,M,15,9,2,0
114,N,F,7,9,2,0
108,N,M,8,9,3,1
67,N,Q,15,9,7,0
114,N,Q,0.3,9,0,0
114,N,Q,0.3,9,0,0
114,N,Q,0.3,9,0,0
114,N,Q,0.3,9,0,0
114,N,Q,0.3,9,0,0
114,N,F,6,9,6,0
69,U,F,30,10,4,1
114,U,M,4,10,0,0
114,U,M,20,10,1,0
114,U,F,13,10,1,0
114,U,F,6.8,10,0,1
114,U,F,2.6,10,4,0
114,U,Q,0.4,10,0,0
114,U,F,5,10,0,0
114,U,F,6,10,1,0
128,N,M,5.8,10,4,0
114,N,M,5,10,5,0
114,N,F,3,10,0,0
114,N,M,3,10,0,0
114,N,F,3,10,0,0
114,N,M,3,10,0,0
114,N,F,13,10,4,0
114,N,M,10,10,4,0
114,U,F,18,10,2,0
103,N,M,28,10,1,1
114,N,M,23,10,1,0
50,U,F,11.9,10,3,1
89,U,F,2.4,10,10,0
114,N,M,5.3,7,7,0
113,Y,M,1.7,7,10,0
89,Y,M,4.9,7,3,0
113,U,F,1.4,7,4,1
114,U,F,3,10,2,0
114,U,M,7,10,0,1
114,U,F,2,10,1,0
67,U,M,13,10,1,1
72,Y,M,3.5,10,5,0
114,N,F,1,10,0,1
114,N,M,12,10,1,0
54,Y,M,22,10,2,1
118,N,M,25,10,1,1
89,N,M,1,10,0,1
114,U,M,10,10,8,1
108,Y,M,15.3,10,3,1
108,N,M,7,10,1,1
72,N,M,3.6,10,7,0
114,U,F,3.4,10,0,0
114,U,M,8,10,2,0
114,N,M,1.3,10,0,1
114,N,M,1.4,10,0,1
114,N,M,1.5,10,0,0
114,N,F,4.2,10,3,0
114,N,F,5,7,1,0
114,N,F,10,7,1,0
114,N,F,7,7,1,1
124,N,F,4,7,1,1
124,N,M,5,7,1,1
114,U,Q,3.5,10,0,1
114,U,M,6,10,0,0
108,U,M,6,10,0,1
114,U,Q,3.5,10,0,1
114,U,Q,3.5,10,0,1
114,U,Q,3.5,10,0,1
114,U,F,8,10,1,0
114,N,F,2,10,0,0
128,N,F,4,10,3,1
114,U,F,3,10,5,1
114,U,F,4,10,0,1
114,N,F,0,10,0,1
125,N,F,7,10,10,0
125,N,F,7,10,4,0
114,U,F,13,10,2,1
114,N,F,5,10,2,1
114,U,F,3,10,0,0
114,N,M,23,10,3,1
114,U,M,5,11,1,0
114,U,M,5,11,1,0
114,U,F,9,11,6,0
114,N,M,3,10,0,0
114,N,M,9,10,4,0
114,N,M,5,10,0,0
114,U,M,15,10,2,0
114,N,F,7.1,10,0,0
114,N,F,9.3,10,3,0
114,N,M,19,10,5,0
114,U,M,8,10,2,0
114,N,M,3,10,0,1
114,N,M,13,10,3,1
114,N,F,11,10,3,1
101,Y,M,3.3,10,4,0
89,U,M,4,10,1,1
69,U,M,12,10,0,1
114,U,F,5,7,1,0
114,U,M,4,7,1,0
101,U,F,3,7,1,1
125,U,M,4,7,2,1
114,U,F,3,10,1,0
114,N,M,2,10,0,0
114,N,F,2,10,0,0
54,U,M,25,10,5,1
114,U,M,0.5,10,0,0
114,U,F,0.4,10,0,0
114,U,M,0.4,10,0,0
114,U,M,0.5,10,0,0
114,U,M,0.5,10,0,0
114,U,F,0.6,10,0,0
114,U,F,1.8,10,1,0
38,N,F,8.4,7,3,1
38,N,F,7.6,7,2,1
114,N,F,20,10,4,1
114,N,F,0.3,10,0,1
114,N,F,0.3,10,0,1
114,N,F,0.3,10,0,1
114,N,F,0.3,10,0,1
128,N,F,4,10,5,1
77,N,F,3,10,2,1
128,Y,M,3,10,1,1
128,N,M,4,10,10,0
114,N,F,10,10,5,0
114,N,F,20,10,4,1
32,N,F,3,10,5,1
128,U,M,5.2,10,2,0
114,U,M,5.5,10,1,0
114,N,F,7.5,7,2,0
114,N,M,25,7,6,0
114,N,M,3.8,7,4,1
114,N,M,1.7,7,0,1
114,N,M,2.8,7,0,1
114,N,Q,3,10,0,1
114,N,F,6,10,2,1
114,N,M,9.7,10,6,0
114,N,M,8,10,7,0
72,N,F,5.5,10,2,1
67,N,M,17.5,10,2,1
114,N,F,2,10,0,0
114,N,F,3,10,0,0
114,N,M,2.3,10,0,1
114,N,F,2.2,10,0,1
67,N,M,4.5,10,0,0
114,N,M,9,10,3,0
114,N,M,9.5,10,2,0
114,N,M,8.6,10,3,1
128,N,M,2.3,10,0,1
22,N,F,6,10,1,1
114,N,M,3,10,0,1
114,N,M,2.4,14,0,0
114,N,M,2.4,14,0,0
114,U,F,6,14,1,0
113,U,F,3,14,1,1
108,N,M,8.1,10,4,0
89,N,M,4.8,10,3,1
22,N,F,6.7,10,1,1
22,N,F,6.2,10,4,1
114,N,M,20,10,2,1
114,N,M,2.8,10,0,1
128,Y,M,6.5,10,5,1
101,U,F,4,10,10,0
114,U,F,20,10,0,0
114,N,M,20,10,0,0
72,U,F,1.8,10,15,1
114,N,M,3,10,0,0
114,N,M,7.6,7,2,0
114,N,F,5.6,7,2,0
114,N,F,13,7,2,0
114,N,F,6.3,7,4,1
114,N,M,3.2,7,1,1
114,N,M,2.7,7,0,1
114,N,M,4.9,7,4,0
56,N,M,4.2,7,10,1
114,N,M,15,7,3,1
124,N,F,7.8,7,7,0
113,U,F,3,10,10,0
126,U,F,2,10,0,1
72,U,F,2,10,3,1
18,Y,M,5,10,5,1
114,U,F,3.5,10,2,1
18,U,F,6,10,4,1
113,U,F,2.3,10,4,0
72,N,M,3.8,10,3,1
128,Y,M,4.7,10,2,1
114,N,F,5,10,0,1
114,U,M,4,10,3,0
114,U,F,3,10,2,0
114,U,F,2,10,3,0
101,N,M,5.5,12,2,1
114,N,M,3,9,0,1
114,N,M,3,9,0,1
114,N,M,3,9,0,1
114,N,M,3,9,0,1
114,N,M,9,10,3,0
114,N,F,7,10,3,0
114,N,F,3,10,0,0
114,N,M,3,10,0,0
114,N,M,3,10,0,0
114,Y,M,4,10,0,1
67,U,M,15,10,2,0
114,U,F,4,7,2,0
114,N,M,2,10,0,1
114,N,M,2,10,0,1
114,N,M,2,10,0,1
114,N,M,2,10,0,1
114,N,M,2,10,0,1
114,N,F,2,10,0,1
128,N,M,5,10,2,1
128,U,M,5.1,10,3,1
72,N,F,3,10,2,1
114,U,F,1.1,10,0,0
114,U,F,4.2,10,2,0
114,U,F,3.4,10,0,0
114,U,F,4.1,10,0,0
114,U,F,3.8,10,0,0
114,U,F,3.9,10,0,0
72,N,F,3.4,10,8,0
108,N,F,6,10,3,0
114,N,F,20,10,1,1
114,N,F,11,10,3,0
128,N,M,3,10,5,0
100,U,F,8,10,3,1
114,N,M,8.85,10,2,1
72,N,M,2,10,12,0
72,N,M,2.9,10,0,1
128,N,M,3,10,3,1
114,N,F,8,10,2,1
114,N,F,12,10,2,1
89,U,M,5,10,5,1
67,N,M,25,10,2,1
100,N,M,13.5,10,3,0
114,N,M,15,11,1,1
67,N,M,18,9,2,1
67,N,M,17,9,1,1
128,N,F,3,11,2,1
72,U,F,4,11,7,1
114,N,M,6.7,11,5,0
69,N,M,10,11,0,1
69,U,F,10,11,0,1
114,N,M,20,11,1,1
124,N,M,8,11,4,0
72,N,M,3,-20,1,1
18,U,F,4,11,3,1
114,U,F,4.1,11,1,1
114,U,F,2.9,11,1,1
128,N,M,2.1,11,3,1
114,N,M,3,11,0,1
72,N,M,1.2,11,0,1
114,N,F,20,12,2,0
114,N,F,4,12,3,0
114,N,F,2,9,1,0
114,N,F,2,9,1,0
114,N,F,9,9,3,0
32,N,M,4,10,2,0
114,N,M,15,10,3,0
67,N,F,0.1,12,0,1
67,N,F,0.1,12,0,1
67,N,F,0.1,12,0,1
67,N,F,0.1,12,0,1
67,N,F,0.1,12,0,1
67,N,F,0.1,12,0,1
67,N,M,0.1,12,0,1
67,N,M,0.1,12,0,1
67,N,M,0.1,12,0,1
67,N,M,0.1,12,0,1
113,U,F,4,10,5,0
72,U,M,5,10,2,1
114,N,M,3,10,0,0
114,N,F,3,10,0,1
114,U,M,10,10,2,0
114,N,M,3,10,0,1
114,N,F,1,10,0,1
114,U,M,4,7,2,1
123,N,M,10,10,2,0
114,N,M,20,10,3,0
32,N,M,2,10,1,1
128,N,M,5,14,1,0
114,N,F,2.5,10,0,1
114,U,F,14.6,10,7,0
69,U,F,29.5,10,5,0
72,N,M,6.4,10,2,0
128,U,M,2.4,10,1,1
114,N,F,8,7,0,1
67,U,M,20,10,2,1
114,U,F,6.45,10,5,0
114,N,M,1,10,0,1
114,N,M,4.9,10,8,1
114,N,M,7.6,10,0,0
114,N,F,17,11,2,0
114,N,F,2,9,0,1
114,N,F,2,9,0,1
114,U,F,2,9,0,1
114,N,M,4,9,0,1
114,N,M,4,9,0,1
114,N,M,4,9,0,1
113,N,M,6,9,2,1
114,N,M,10,11,1,0
72,N,M,4,11,3,0
114,N,M,4.75,10,1,0
114,N,F,4.1,10,2,0
114,N,M,10,10,7,0
114,N,F,10,10,2,0
114,N,F,25,10,6,1
124,U,F,5.8,9,3,1
114,N,M,20,10,3,1
114,N,F,8,10,5,0
114,U,F,19,10,5,1
114,U,F,19,10,3,1
114,N,F,4,10,0,1
114,N,M,28,10,7,0
50,U,F,7.3,10,3,1
107,N,F,3,10,5,1
114,N,F,4.2,9,2,0
22,N,M,12,10,1,1
72,U,F,3.4,10,5,1
114,U,M,5,10,7,1
72,N,M,3.7,10,3,1
114,N,M,16,10,1,0
101,U,F,2.7,10,3,1
114,N,F,3.1,10,3,0
114,N,M,0.24,10,0,1
114,N,M,0.23,10,0,1
114,N,M,0.2,10,0,1
114,N,F,0.19,10,0,1
114,N,F,0.15,10,0,1
114,N,F,0.15,10,0,1
114,N,M,0.18,10,0,1
114,N,F,11.53,10,2,1
38,N,F,10.22,10,3,1
114,N,M,8.23,10,3,1
114,U,M,1,9,0,1
114,U,M,2,9,1,0
128,N,M,5,10,4,1
72,N,M,4,10,5,0
114,N,F,13,10,0,0
114,N,M,5,10,5,0
114,N,M,4,12,0,1
114,U,F,3,12,2,0
114,N,M,5,10,2,0
114,N,M,5,15,1,0
72,U,M,3,10,1,1
114,N,F,7.6,10,0,0
114,N,F,1.8,10,0,1
114,N,F,2.5,10,0,0
114,U,F,16.3,10,1,0
114,N,M,2.3,10,0,0
114,N,F,2.3,10,0,0
114,N,F,2.3,10,0,0
114,N,F,2.3,10,0,0
114,U,F,9.7,10,1,0
114,U,M,10.6,10,1,0
18,U,M,3.4,10,1,1
128,N,M,2.4,10,3,1
128,U,M,2.1,10,0,1
89,U,M,2.7,10,3,1
89,U,F,2.5,10,1,1
114,U,F,9.4,10,1,0
114,N,M,4.6,10,0,1
67,U,M,20,10,2,0
54,U,F,30,10,2,1
114,N,M,2,10,0,1
114,N,M,2,10,0,1
114,N,M,2,10,0,1
114,U,M,0.38,10,0,1
114,U,M,0.4,10,0,1
114,N,M,0.5,10,0,1
114,N,F,2,7,0,0
114,N,M,2,7,0,0
114,N,M,2,7,0,0
114,N,M,2,7,0,0
114,N,M,2,7,0,0
114,N,F,2,7,0,0
114,N,F,5,7,1,1
114,N,M,5,7,1,0
114,N,F,5.65,10,1,1
114,N,F,11.5,10,0,1
89,N,F,2.54,10,2,1
114,N,M,1,10,0,1
114,N,F,23,10,2,0
128,U,M,3.2,10,4,1
67,U,M,17,10,1,0
114,U,F,0.2,7,0,1
114,U,F,7,7,3,0
114,N,M,15,14,1,0
114,N,M,2.4,10,0,0
84,N,M,23.6,10,1,1
114,U,F,2.7,10,0,0
114,U,F,2.5,10,0,0
114,N,M,6.5,10,2,0
123,U,F,5,10,6,1
114,U,M,5,10,1,0
114,U,M,5,10,1,0
114,U,F,4.5,10,0,1
114,U,F,2.6,10,0,0
67,N,M,11.85,10,1,0
114,N,M,7.45,10,4,0
72,U,M,3,10,3,1
114,N,F,2,10,0,1
114,N,F,3,11,1,1
77,N,F,7.5,11,2,1
89,N,M,4,11,3,1
89,U,F,5,11,3,0
18,N,M,6,11,4,1
114,N,M,10,10,3,0
114,N,M,1.2,9,0,1
114,U,F,10.7,10,0,0
114,U,M,15,9,1,0
114,N,M,10,10,0,0
114,N,M,6.8,10,0,0
114,U,F,4.5,10,0,0
114,U,F,5.6,10,0,0
114,N,F,4,9,0,1
128,Y,M,2.5,9,1,1
114,U,F,13,10,2,0
38,U,F,7.3,10,5,0
114,N,M,1.9,10,0,0
128,Y,M,4.1,10,5,1
72,U,F,2,10,10,0
114,U,M,5,10,6,0
114,N,M,5,14,1,0
114,N,M,4,14,1,0
22,U,M,10,10,4,0
114,N,F,4.7,10,2,1
114,N,M,15,10,5,1
114,N,F,7.5,10,2,1
128,N,M,4.3,10,2,1
114,N,M,4.6,10,0,0
114,N,F,5,10,2,0
114,N,F,1,10,0,0
114,N,M,1,10,0,0
114,N,F,1,10,0,0
114,N,M,1,10,0,0
114,N,M,1,10,0,0
114,N,M,1,10,0,0
114,U,F,20,10,1,1
114,U,F,10,10,0,0
114,U,M,25,10,3,0
114,N,F,2,10,2,0
67,N,F,16,10,0,1
128,Y,M,3.5,10,5,1
114,N,F,7.38,10,2,0
114,U,F,6,10,2,1
114,U,F,5,10,2,0
114,U,M,5,10,2,0
114,U,M,9,10,2,1
114,U,F,16,10,5,0
114,U,F,5,10,2,0
114,N,M,3,10,7,1
123,N,M,3.7,10,1,1
114,N,M,3.6,10,1,1
101,N,F,3.7,10,0,1
114,N,F,7,10,2,1
72,N,F,2.8,10,5,1
72,N,M,2.5,10,5,1
54,U,F,20,7,2,1
114,U,M,10,7,1,0
67,U,M,15,10,6,0
128,N,M,3.9,10,1,1
114,N,M,6.8,7,2,0
114,N,F,5,10,0,0
72,N,M,3,10,3,1
114,N,M,5,10,3,0
114,N,M,6,10,2,1
128,Y,M,4,10,3,1
67,N,M,6,10,2,0
69,N,M,20,10,1,0
89,U,F,4,10,1,1
72,Y,M,4,10,5,1
54,N,M,6,10,0,1
114,N,F,5.8,10,0,0
54,N,M,6.5,10,0,1
32,Y,F,4.5,10,2,1
69,N,M,35,10,2,1
69,N,F,25,10,2,1
67,N,M,25,10,1,0
114,N,M,5.6,10,2,0
124,U,F,4,10,1,1
124,N,M,4,10,1,0
114,N,M,2.1,7,0,0
114,N,M,2.1,7,0,0
114,N,F,1,7,0,0
114,N,F,1.5,7,0,1
114,N,M,10.7,7,4,0
114,N,F,8.2,7,4,0
72,N,M,4.2,7,4,1
38,N,M,8,7,4,1
114,N,F,3.6,7,0,0
114,N,M,4.3,7,0,0
114,N,M,1.2,7,0,0
114,N,F,6,7,5,0
114,N,M,7,7,4,1
114,N,M,7.4,7,4,1
114,N,M,7.2,7,4,1
114,N,M,6.2,7,3,1
114,N,F,5.2,7,6,1
114,N,M,12,7,3,0
114,N,F,2.1,7,0,1
77,U,F,3.5,10,3,1
18,N,M,2.5,10,0,1
67,N,M,7.4,10,0,1
114,N,F,1.26,10,0,1
56,N,M,6.3,10,0,1
128,U,F,4,10,3,1
114,N,F,0.5,10,0,1
114,N,F,0.5,10,0,1
114,N,M,1.3,10,0,1
114,N,F,1.3,10,0,1
114,N,M,1,10,0,1
114,N,F,6,10,5,0
114,N,M,20,10,3,0
128,N,M,3.51,10,1,1
114,U,F,3.2,10,0,1
114,N,F,1,10,0,1
72,N,M,4.4,10,2,1
114,N,F,4,10,3,1
114,N,M,3.15,10,0,1
67,N,F,0.5,12,0,1
72,N,M,2.4,10,7,1
114,U,F,3,10,0,1
114,N,M,7,10,1,1
114,N,F,4.5,10,0,1
101,N,M,6,10,9,0
114,N,M,10,15,1,1
72,U,F,6,9,4,0
123,N,F,3,10,2,1
72,U,M,3,10,1,1
114,U,F,5,10,1,0
114,U,F,5,10,1,0
114,U,F,4,10,1,0
114,U,M,4,10,1,0
114,U,M,3,10,1,0
114,N,M,4,10,0,0
114,U,F,3,10,1,0
89,U,M,3,10,10,1
114,U,M,6,10,2,0
50,Y,M,15,10,1,1
114,U,M,3,10,1,0
114,U,F,3,10,1,0
114,U,F,3,10,1,0
114,U,F,3,10,1,0
114,U,M,5,11,6,0
114,U,M,4,7,2,0
122,U,F,40,10,5,0
114,N,M,8,10,0,0
114,N,M,11.5,10,2,0
114,U,F,6.7,10,0,0
114,U,F,8.3,10,6,0
114,N,M,7.6,10,0,0
114,N,M,5.5,11,2,1
114,U,F,3.3,11,2,0
114,N,M,4.7,11,3,0
114,U,F,6.8,11,3,0
114,N,M,6.7,11,3,0
114,U,F,1.5,11,0,0
114,U,F,1.6,11,0,0
114,U,F,1.8,11,0,0
114,U,F,1.8,11,0,0
114,N,M,1.8,11,0,0
114,N,M,1.4,11,0,0
114,N,M,5.5,11,1,0
114,N,M,4.4,11,1,0
114,N,M,1.1,11,0,1
114,U,F,1.2,11,0,1
114,N,M,1.5,11,0,0
114,U,F,1.2,11,0,0
114,U,F,1.1,11,0,1
114,N,M,1.4,11,0,0
114,N,M,1.2,11,0,0
72,Y,M,4,11,7,1
146,N,M,12,10,6,0
72,N,F,1.7,10,0,1
72,U,F,2,10,1,1
27,N,M,13,9,1,0
114,U,F,7,9,1,0
114,U,M,18,9,2,0
114,U,F,16,10,1,0
114,N,M,4.8,10,0,0
46,N,M,17,10,0,1
114,N,M,2.5,10,0,0
114,N,M,18,10,0,1
114,N,F,17,10,1,0
114,N,M,17,10,0,0
114,N,F,13,10,1,0
114,N,F,6.8,10,0,0
114,N,M,23.5,10,0,1
114,N,M,16.6,10,2,0
114,N,M,9,10,0,0
114,N,M,9,10,0,0
114,N,F,15,10,0,0
114,Y,F,4,10,0,1
128,N,F,3,10,12,1
114,N,M,1.7,10,0,0
114,U,F,5,10,5,0
114,U,M,8,7,9,0
114,N,M,5,10,1,0
114,N,F,4,10,1,1
114,N,M,6,10,0,1
72,N,M,5,10,1,1
72,Y,M,2.5,10,0,1
114,N,F,3,10,0,1
114,N,M,10,10,6,1
114,N,F,6.9,7,1,0
128,N,M,5,10,5,1
128,U,M,6,10,3,1
128,U,M,6,10,3,1
114,N,F,4,10,2,1
72,N,M,4,10,1,1
114,U,M,20,10,12,0
114,N,M,5.7,10,0,0
114,U,F,5.5,10,0,0
114,U,F,5,10,5,0
114,U,M,12,10,1,0
114,N,F,6,10,0,0
67,N,M,19,10,2,0
114,N,M,1.6,10,0,0
114,N,M,1.7,10,0,1
114,N,M,1.3,10,0,1
114,N,M,2.1,10,0,0
114,N,M,2.2,10,0,0
114,N,F,1.7,10,0,0
114,N,F,2.2,10,0,0
89,N,F,3.4,10,2,1
128,Y,M,5,10,2,1
114,N,F,2.4,10,2,1
114,N,M,2.2,10,0,0
114,N,F,7.6,10,2,0
114,U,F,5.4,10,0,1
114,U,F,1,10,0,1
114,U,F,1,10,0,0
50,N,M,18,10,5,0
114,N,M,6.9,10,0,0
114,N,M,6.8,10,0,1
114,N,F,6.5,10,0,1
54,N,F,12,10,0,0
114,U,F,20,10,3,0
108,U,F,10,10,2,0
128,U,F,6,10,10,1
114,N,M,5,10,0,1
72,N,M,1.9,10,0,1
114,N,M,3.8,10,0,1
114,U,F,3.7,10,0,0
114,U,F,8.5,10,3,0
114,N,F,10,11,3,0
114,N,F,8,11,2,0
114,N,M,7.7,11,1,0
114,U,M,1.3,11,0,1
114,N,M,7.3,11,0,1
114,N,F,9,11,2,0
114,N,F,5,11,2,0
114,N,F,5,11,0,1
114,N,F,4.5,11,3,0
13,N,M,4,11,0,1
114,N,F,5,11,0,0
114,N,F,6,11,0,1
114,N,F,6,11,5,0
72,N,M,4,11,7,0
114,N,M,3,14,0,0
67,N,M,28,14,1,0
67,N,F,23,14,1,0
67,N,F,25,14,5,1
114,N,F,7,11,0,1
72,N,M,4,11,2,1
32,N,F,3.3,11,2,1
101,N,F,3.5,11,10,1
114,N,F,3,11,0,1
114,N,F,6.5,14,2,0
114,N,F,1,14,0,0
114,N,M,1.2,14,0,0
114,N,F,5.8,14,2,0
114,U,F,5,8,2,0
114,U,M,8,8,1,0
114,U,M,8,8,2,0
114,U,M,8,8,1,0
114,U,M,10,11,4,0
114,U,F,5.1,8,1,0
114,N,M,5.3,8,1,0
114,N,M,1,11,0,1
123,N,M,5,11,12,1
72,Y,M,3,11,3,1
107,U,F,3,11,3,1
114,U,F,15,11,2,1
108,U,F,2.5,11,0,1
114,N,M,7.2,11,5,0
114,N,M,0.6,11,0,1
114,N,M,5.6,11,2,1
114,N,M,2.8,11,0,1
114,N,M,2.8,11,0,1
114,U,F,1,11,1,1
114,N,M,2,11,0,1
20,N,F,4,11,0,1
114,U,F,6.17,11,2,0
114,U,M,3.92,11,0,0
114,U,M,3.85,11,0,0
114,N,F,6.75,11,1,0
114,U,M,8,11,2,0
114,N,M,17.7,11,3,1
114,N,M,10.3,11,4,1
38,N,M,7,11,4,1
67,N,M,7,11,7,1
128,Y,M,6,11,2,1
114,N,M,2.6,11,0,1
114,N,M,4.1,11,0,1
114,N,F,1.5,11,0,0
18,Y,M,5,11,4,1
114,N,M,15,11,2,0
114,U,F,12,11,0,0
114,N,M,8,8,2,0
89,N,F,1.9,8,1,1
114,N,F,4.2,8,0,0
114,N,M,3.2,8,0,0
114,N,F,3.8,8,0,0
114,N,F,4.1,8,0,0
114,N,M,5.6,8,3,0
125,N,M,6,8,1,1
114,N,F,17,8,2,0
114,Y,M,9,11,10,0
114,N,M,1.5,11,0,1
114,N,M,1.2,11,0,1
72,N,F,3.1,8,8,1
114,U,F,3.3,8,0,1
128,N,M,0.9,11,0,1
90,U,F,10.3,11,3,1
114,U,F,2,11,0,1
114,U,F,15,11,5,1
114,U,M,1.2,11,0,1
113,N,F,4,11,3,1
114,N,F,1.8,11,0,1
114,U,F,15,11,1,0
114,N,M,13,11,0,0
114,U,F,7,11,0,1
128,N,M,4.7,11,2,1
38,N,F,1.77,11,0,1
114,N,F,9.58,11,2,1
114,N,F,0.9,11,0,1
114,N,M,4.4,11,0,1
90,Y,M,6,11,1,1
114,U,F,5,10,5,0
114,U,F,15,11,1,0
114,U,M,15,11,2,0
114,U,F,9,11,1,0
67,U,Q,17,11,2,0
114,N,F,10,10,3,0
114,N,F,5,10,3,0
114,N,F,10,10,2,0
114,N,F,5,10,3,0
114,N,M,4,10,1,0
114,U,M,4,10,1,0
114,U,M,4,10,1,0
114,U,M,3,10,1,0
114,U,M,7,10,2,0
114,U,F,6,10,2,0
128,U,M,5,10,2,0
114,U,M,3,10,1,0
114,N,M,4,10,0,0
114,U,M,6,7,2,0
114,U,F,3,7,2,1
114,U,F,3,7,2,1
103,U,F,14,10,3,1
108,Y,M,10,10,3,1
67,N,M,4.5,10,0,0
67,N,F,4.5,10,0,1
205,N,F,10,10,3,1
114,N,F,10,10,5,0
60,N,M,5,10,1,1
72,U,M,3,10,2,1
114,N,M,7.7,10,0,1
72,N,F,2.3,10,2,1
72,N,F,2.7,10,2,1
114,N,M,15,10,2,1
114,U,M,8,10,2,0
50,N,M,7.6,10,2,0
114,N,M,9,10,2,0
114,U,M,5,10,2,1
114,N,F,8,10,1,1
114,U,M,20,11,1,0
114,N,M,13,11,0,0
114,N,M,2.1,11,0,0
114,U,F,12.5,11,0,0
114,N,F,7.2,11,0,0
114,N,F,8.2,11,0,0
114,N,F,7.2,11,0,0
114,N,F,5.8,11,0,0
114,N,F,6.5,11,0,0
114,N,F,4.8,11,0,0
114,U,M,18,11,2,0
114,U,F,9.4,11,0,0
114,U,M,13,11,0,0
114,U,F,20,11,1,0
114,N,M,1.5,11,0,0
114,N,M,1.8,11,0,0
114,N,F,1.3,11,0,0
114,N,F,1,11,0,0
114,N,M,1.6,11,0,0
114,N,M,9,11,0,0
84,U,M,25,11,2,0
114,N,M,16,11,0,0
114,N,M,13,11,2,0
114,U,M,22,11,1,0
114,N,F,7,11,0,0
114,U,F,46.3,11,2,0
114,N,F,3,11,0,0
114,N,F,3,11,0,0
114,N,F,4,11,0,0
114,N,F,4,11,0,0
114,N,M,3,11,0,0
114,U,F,4,11,4,1
114,N,F,18,8,1,0
114,N,F,7,8,1,0
114,N,F,4.89,11,1,0
114,N,F,3,20,2,1
114,N,F,2.96,11,2,1
114,U,F,6,11,1,0
67,U,M,16,11,2,1
114,U,F,5,11,0,1
114,U,F,12,11,1,0
32,Y,M,2.5,11,4,1
89,N,M,5.1,8,1,1
72,N,F,3,11,6,1
114,U,Q,4,15,0,0
114,U,F,4,15,0,0
114,N,M,8.1,11,0,0
114,U,F,6.2,11,0,0
114,N,M,6.3,11,0,0
114,U,F,4.7,11,0,0
114,N,M,2.1,11,0,0
114,U,F,1.3,11,0,0
114,N,M,1.6,11,0,0
114,N,M,1.8,11,0,0
114,U,F,1.4,11,0,0
114,U,F,2.1,11,0,0
114,N,M,1.9,11,0,1
114,U,F,7.7,11,5,0
114,N,F,1,11,0,0
114,N,F,1,11,0,0
114,N,F,1,11,0,0
114,N,F,1,11,0,1
114,N,M,1,11,0,1
114,N,M,4.8,11,4,0
114,N,F,20,11,1,0
114,U,F,20,11,1,0
114,N,M,22,11,1,0
69,N,F,12,11,0,1
114,Y,M,6.5,14,12,0
114,N,F,12.55,11,2,1
114,N,F,3.54,11,1,0
114,N,M,3.4,11,0,1
101,U,F,6,11,12,0
114,N,M,7,11,2,0
72,U,M,3,11,2,1
114,U,F,7.6,11,1,1
114,N,M,4.9,11,0,0
22,N,M,6,11,1,1
101,N,M,4.5,11,3,0
114,N,M,4.5,11,0,0
114,N,M,17,11,1,0
89,Y,M,6,12,3,1
114,N,M,2.3,12,0,1
114,U,F,2.3,12,0,1
114,N,M,1.3,12,0,1
67,N,F,10.5,12,3,0
72,U,F,1,7,4,1
123,U,F,4,7,4,1
114,N,M,9,12,1,0
114,N,F,5,12,4,0
114,N,F,8,12,2,0
114,N,M,7,12,1,0
114,U,M,1,12,1,0
114,N,F,7,12,1,1
67,N,M,18,12,2,1
114,U,F,25,12,2,1
72,N,F,4,15,1,0
114,U,M,10,12,3,0
114,U,M,10,12,2,0
114,N,M,8,12,3,0
114,N,F,8,12,3,0
114,N,M,10,12,2,0
114,N,F,4,12,0,0
114,N,M,10,16,2,0
114,U,F,6,9,0,1
72,U,F,3,12,1,1
67,N,M,10,12,1,0
114,N,M,8,12,2,0
107,N,M,3,12,3,1
114,N,Q,0.3,9,0,0
114,N,Q,12,9,5,0
114,U,M,12,9,1,0
114,N,F,3,12,0,0
114,N,F,3,12,0,0
114,N,F,5,12,3,0
125,U,M,10.5,10,3,1
114,U,M,18,10,2,0
39,U,M,15,12,3,0
114,N,F,4,12,2,0
114,N,M,2.68,9,0,0
114,N,M,2.67,9,0,0
114,U,F,2.66,9,0,0
146,N,F,18.68,9,2,0
67,N,M,16.75,9,3,0
114,N,F,18,9,2,0
114,U,F,9,9,2,0
114,U,M,2,9,0,0
114,U,F,2,9,0,0
114,U,M,2,9,0,0
114,U,M,25,12,4,0
114,N,F,0.9,12,0,1
128,N,M,4.7,12,3,1
114,N,F,4,12,0,0
128,Y,M,4.6,12,1,1
114,U,F,20,12,4,0
114,N,M,15,12,0,1
114,U,F,7,12,1,0
114,N,M,20,12,6,0
114,N,F,18,12,1,0
72,N,F,3.8,12,1,1
114,U,F,15,12,0,0
114,N,M,6,12,4,0
114,N,F,1.8,7,0,1
114,N,F,1,7,0,1
114,N,F,1.6,7,0,1
128,Y,M,8.2,7,4,1
128,N,M,3,7,0,1
114,N,M,13,7,2,0
114,N,M,4.2,7,0,1
114,N,M,4,7,0,1
114,N,M,11,7,1,0
114,N,M,8.2,7,5,0
114,N,M,7.3,7,2,1
114,N,M,7,7,2,1
114,N,M,25,12,0,1
114,U,F,20,12,5,1
114,N,M,4.5,12,0,1
114,Y,M,7.4,12,5,1
89,U,F,3,12,6,1
32,N,F,2.7,7,1,1
38,N,M,4.5,7,5,0
67,U,F,15,12,3,1
128,U,F,2,12,3,0
72,U,F,4,12,4,1
114,U,F,4.5,12,3,0
72,N,M,3,12,2,1
114,N,M,9,12,1,0
128,N,M,3.5,12,3,1
114,N,F,0.95,12,0,1
115,N,F,1,12,0,1
114,N,F,1.2,12,0,1
90,N,M,8.1,12,3,1
67,N,M,10,12,3,1
114,N,M,1.8,12,0,1
114,N,F,9.65,10,2,0
114,N,F,5,10,3,0
114,N,M,6,10,1,0
114,U,F,7,10,1,0
114,U,M,7,10,1,0
114,U,M,3,10,1,0
17,N,M,6,10,1,0
108,N,M,8,10,3,1
114,N,M,2,10,0,1
114,U,F,5,10,3,1
114,N,F,3,10,0,1
114,N,M,7,10,1,0
114,N,F,3.1,10,0,0
114,N,F,3.1,10,0,0
114,N,F,3.4,10,0,0
114,N,M,4.3,10,0,0
114,N,F,12,10,10,1
32,U,F,2,10,0,1
114,N,M,15,10,4,0
114,U,F,11.3,7,3,0
32,N,M,2.8,7,3,0
114,N,F,7,8,1,0
114,N,M,25.8,11,2,0
128,N,F,3.5,20,1,1
